Target,Reference Ab,Method,HCDRs Designed,HCDR1,HCDR2,HCDR3,KD (nM),Binding Replicates,Replicates,Ratio Binding Replicates,Binder,HCDR1 scRMSD (ABB2),HCDR2 scRMSD (ABB2),HCDR3 scRMSD (ABB2),HCDR123 scRMSD (ABB2),Fv scRMSD (ABB2),HCDR1 scRMSD (ABB3),HCDR2 scRMSD (ABB3),HCDR3 scRMSD (ABB3),HCDR123 scRMSD (ABB3),Fv scRMSD (ABB3),HCDR1 scRMSD (ABB3-LM),HCDR2 scRMSD (ABB3-LM),HCDR3 scRMSD (ABB3-LM),HCDR123 scRMSD (ABB3-LM),Fv scRMSD (ABB3-LM),HCDR1 scRMSD (ESMFold),HCDR2 scRMSD (ESMFold),HCDR3 scRMSD (ESMFold),HCDR123 scRMSD (ESMFold),Fv scRMSD (ESMFold),HCDR1 scRMSD (Mean Ensemble),HCDR1 scRMSD (Min Ensemble),HCDR1 scRMSD (Max Ensemble),HCDR2 scRMSD (Mean Ensemble),HCDR2 scRMSD (Min Ensemble),HCDR2 scRMSD (Max Ensemble),HCDR3 scRMSD (Mean Ensemble),HCDR3 scRMSD (Min Ensemble),HCDR3 scRMSD (Max Ensemble),HCDR123 scRMSD (Mean Ensemble),HCDR123 scRMSD (Min Ensemble),HCDR123 scRMSD (Max Ensemble),Fv scRMSD (Mean Ensemble),Fv scRMSD (Min Ensemble),Fv scRMSD (Max Ensemble)
IL17A,Afasevikumab,Positive Control,,GFTFDDYA,INWSSGGI,ARDIGGFGEFYWNFGL,1.2625,16,16,1,TRUE,0.413848549,0.453624904,0.504143476,0.470469836,0.410927087,0.456846535,0.397342831,1.567155242,1.148753802,0.710027814,0.539238274,0.471461117,1.131959558,0.876886307,0.675965309,1.02417922,2.609320879,3.61617136,2.915942778,1.557458282,0.608528145,0.413848549,1.02417922,0.982937433,0.397342831,2.609320879,1.704857409,0.504143476,3.61617136,1.353013181,0.470469836,2.915942778,0.838594623,0.410927087,1.557458282
IL17A,Afasevikumab,SAbDab,HCDR3,GFTFDDYA,INWSSGGI,ARKGSDRLSDNDPFDA,,0,2,0,FALSE,0.844567478,0.307016045,4.173937798,2.985425705,1.320634246,0.532149971,0.47105366,2.726082325,1.960109999,0.959948003,0.942700267,0.840236962,4.442326546,3.204029191,1.392322183,1.242966175,2.582143545,3.153017998,2.650258251,1.558356881,0.890595973,0.532149971,1.242966175,1.050112553,0.307016045,2.582143545,3.623841166,2.726082325,4.442326546,2.699955786,1.960109999,3.204029191,1.307815328,0.959948003,1.558356881
IL17A,Afasevikumab,SAbDab,HCDR3,GFTFDDYA,INWSSGGI,ARSRDLLLFPHHALSP,,0,2,0,FALSE,0.583158851,0.481575817,3.867932081,2.761058976,1.230095625,0.700298905,0.633711994,3.816951513,2.739993027,1.224098325,0.69521755,0.702767789,4.799647808,3.429666462,1.468207598,1.074149966,2.516403437,4.835343361,3.682634086,1.827272296,0.763206318,0.583158851,1.074149966,1.083614759,0.481575817,2.516403437,4.329968691,3.816951513,4.835343361,3.153338138,2.739993027,3.682634086,1.437418461,1.224098325,1.827272296
IL17A,Afasevikumab,SAbDab,HCDR3,GFTFDDYA,INWSSGGI,AAGDNYYYTRTYEYDY,,0,4,0,FALSE,0.511598945,0.456189305,4.841939449,3.440879154,1.486167312,0.828564823,1.011927605,5.081315994,3.652056325,1.538226962,0.760748327,0.784543812,3.971428871,2.860888916,1.291207552,1.069759846,2.570528984,4.943147659,3.762360394,1.834994912,0.792667985,0.511598945,1.069759846,1.205797426,0.456189305,2.570528984,4.709457994,3.971428871,5.081315994,3.429046198,2.860888916,3.762360394,1.537649184,1.291207552,1.834994912
IL17A,Afasevikumab,SAbDab,HCDR3,GFTFDDYA,INWSSGGI,ARGYGGYGIGAGYFNI,,0,4,0,FALSE,0.461517453,0.613655925,2.142808676,1.563076293,0.854529619,0.514444172,0.868762255,2.26369977,1.678397596,0.990619838,0.48486048,0.655275762,3.177427053,2.28344922,1.055247307,0.643124759,2.5136621,3.639188528,2.881817694,1.461464405,0.525986716,0.461517453,0.643124759,1.16283901,0.613655925,2.5136621,2.805781007,2.142808676,3.639188528,2.101685201,1.563076293,2.881817694,1.090465292,0.854529619,1.461464405
IL17A,Afasevikumab,SAbDab,HCDR3,GFTFDDYA,INWSSGGI,ARTRGVNDAYEHAFDP,,0,2,0,FALSE,0.465898126,0.551192462,2.123911381,1.54457707,0.769606531,0.633658946,0.756964087,2.765617132,2.016915624,0.97209549,0.929335117,0.590450227,1.901301026,1.452772041,0.881033242,1.48290205,2.570166349,3.438919306,2.848556017,1.623512864,0.87794856,0.465898126,1.48290205,1.117193282,0.551192462,2.570166349,2.557437211,1.901301026,3.438919306,1.965705188,1.452772041,2.848556017,1.061562032,0.769606531,1.623512864
IL17A,Afasevikumab,SAbDab,HCDR3,GFTFDDYA,INWSSGGI,ARTLRVSGDYVRDFDL,,0,6,0,FALSE,0.66725415,0.675262451,4.102133751,2.939226518,1.234864354,0.498991877,0.534304619,1.898404837,1.391254485,0.826301575,0.568636835,0.600984633,2.440280914,1.774434576,0.901881754,1.044640422,2.646023273,4.190382957,3.286766323,1.693334699,0.694880821,0.498991877,1.044640422,1.114143744,0.534304619,2.646023273,3.157800615,1.898404837,4.190382957,2.347920475,1.391254485,3.286766323,1.164095595,0.826301575,1.693334699
IL17A,Afasevikumab,SAbDab,HCDR3,GFTFDDYA,INWSSGGI,ARTVWYYTSGTHYFDH,,0,8,0,FALSE,0.452229351,0.652645171,5.06722784,3.604998373,1.441704988,0.541240454,0.791585505,5.212596416,3.716916452,1.553585649,0.627543926,0.942069292,4.733244896,3.394426329,1.430250406,1.156646729,2.513062477,6.180518627,4.583964869,2.1127069,0.694415115,0.452229351,1.156646729,1.224840611,0.652645171,2.513062477,5.298396945,4.733244896,6.180518627,3.825076506,3.394426329,4.583964869,1.634561986,1.430250406,2.1127069
IL17A,Afasevikumab,SAbDab,HCDR3,GFTFDDYA,INWSSGGI,TSRIRSHIAYSWKGDV,,0,2,0,FALSE,0.569548666,0.595193684,2.921241522,2.106296825,0.920684099,0.446211874,0.543748736,3.287265539,2.350903931,1.086937904,0.835288167,0.787049949,4.41238451,3.172358274,1.393020391,2.293351173,3.365557432,7.623335361,5.762311179,2.528514862,1.03609997,0.446211874,2.293351173,1.32288745,0.543748736,3.365557432,4.561056733,2.921241522,7.623335361,3.347967552,2.106296825,5.762311179,1.482289314,0.920684099,2.528514862
IL17A,Afasevikumab,SAbDab,HCDR3,GFTFDDYA,INWSSGGI,KSDGLISYAASQLSTY,,0,4,0,FALSE,0.682509422,0.459642112,2.405694485,1.75013013,0.838114262,0.633903623,0.667479873,2.671582937,1.944355546,0.998860538,0.908624172,0.641382933,4.199186802,3.02089844,1.311685801,1.880766273,3.266221285,8.161265373,6.070790481,2.624895334,1.026450872,0.633903623,1.880766273,1.258681551,0.459642112,3.266221285,4.359432399,2.405694485,8.161265373,3.196543649,1.75013013,6.070790481,1.443388984,0.838114262,2.624895334
IL17A,Afasevikumab,SAbDab,HCDR3,GFTFDDYA,INWSSGGI,ARVRDSSDYYGDAFDI,,0,2,0,FALSE,0.532040894,0.416696936,4.064265728,2.893666172,1.271387458,0.375416994,0.632470727,3.010978699,2.160610017,1.027913332,0.662005544,0.568554103,2.440387011,1.779921531,0.911707878,0.9720155,2.564162731,3.062124729,2.562857797,1.453387856,0.635369733,0.375416994,0.9720155,1.045471124,0.416696936,2.564162731,3.144439042,2.440387011,4.064265728,2.34926388,1.779921531,2.893666172,1.166099131,0.911707878,1.453387856
IL17A,Afasevikumab,SAbDab,HCDR3,GFTFDDYA,INWSSGGI,ARDRYYETSGSNAFDV,,0,2,0,FALSE,0.587962151,0.427555531,5.221603394,3.710080431,1.561813712,0.48175472,0.798092902,4.508639336,3.221982977,1.358253002,0.606411457,0.725623667,3.376238585,2.433733681,1.113300681,1.318750858,2.665285587,5.05846405,3.873595493,1.876627564,0.748719797,0.48175472,1.318750858,1.154139422,0.427555531,2.665285587,4.541236341,3.376238585,5.221603394,3.309848146,2.433733681,3.873595493,1.47749874,1.113300681,1.876627564
IL17A,Afasevikumab,SAbDab,HCDR3,GFTFDDYA,INWSSGGI,ASLASYSSGWEDVFDI,,0,4,0,FALSE,0.628279507,0.505892754,5.819243908,4.134545378,1.660544515,0.491155803,0.749797702,4.716242313,3.364866778,1.421000242,0.792304397,0.542801142,4.073071957,2.919854862,1.259496808,1.278817534,2.673259497,4.838412762,3.728343021,1.838359356,0.79763931,0.491155803,1.278817534,1.117937773,0.505892754,2.673259497,4.861742735,4.073071957,5.819243908,3.53690251,2.919854862,4.134545378,1.54485023,1.259496808,1.838359356
IL17A,Afasevikumab,SAbDab,HCDR3,GFTFDDYA,INWSSGGI,VKNSDVFRFPHLYFDV,,0,6,0,FALSE,0.524401486,0.378600389,2.833426237,2.029466904,0.996887803,0.620458245,0.443415463,2.710538864,1.954202368,0.960164249,0.710687876,0.756071448,4.038972855,2.902728231,1.248011589,1.315205574,2.605630875,4.397255421,3.434777592,1.752335906,0.792688295,0.524401486,1.315205574,1.045929544,0.378600389,2.605630875,3.495048344,2.710538864,4.397255421,2.580293774,1.954202368,3.434777592,1.239349887,0.960164249,1.752335906
IL17A,Afasevikumab,SAbDab,HCDR3,GFTFDDYA,INWSSGGI,AAAPYGANWYRDEYAY,,0,2,0,FALSE,0.615681708,0.274435937,4.110338688,2.925924952,1.299492717,0.665145218,1.018329501,3.124903202,2.291803503,1.121892571,0.69151777,0.73501569,2.648654938,1.93966433,1.020390153,1.180461884,2.481991291,4.395301819,3.39820273,1.724848628,0.788201645,0.615681708,1.180461884,1.127443105,0.274435937,2.481991291,3.569799662,2.648654938,4.395301819,2.638898879,1.93966433,3.39820273,1.291656017,1.020390153,1.724848628
IL17A,Afasevikumab,SAbDab,HCDR3,GFTFDDYA,INWSSGGI,ARLKRRGFSGEGYFDY,,0,4,0,FALSE,1.087192535,1.047808886,5.549737453,3.996218922,1.740675569,0.412103891,0.535217106,1.872419596,1.366400129,0.734885812,0.759584129,0.625371814,2.397242069,1.765049364,0.912500441,1.130910993,2.519765854,4.669274807,3.578841785,1.850953221,0.847447887,0.412103891,1.130910993,1.182040915,0.535217106,2.519765854,3.622168481,1.872419596,5.549737453,2.67662755,1.366400129,3.996218922,1.309753761,0.734885812,1.850953221
IL17A,Afasevikumab,SAbDab,HCDR3,GFTFDDYA,INWSSGGI,YYHYYGWHPGYGLSYS,,0,4,0,FALSE,0.591718435,0.4093045,3.160042763,2.263260999,0.982004583,0.559698343,0.781897426,3.381660461,2.439051085,1.136938691,1.353031874,1.05568552,7.988093376,5.713239859,2.299955606,2.04078126,3.262901306,8.312364578,6.184701344,2.664658546,1.136307478,0.559698343,2.04078126,1.377447188,0.4093045,3.262901306,5.710540295,3.160042763,8.312364578,4.150063322,2.263260999,6.184701344,1.770889357,0.982004583,2.664658546
IL17A,Afasevikumab,SAbDab,HCDR3,GFTFDDYA,INWSSGGI,AVISAGGGESIGYHFY,,0,4,0,FALSE,0.645678401,0.282075435,3.721544027,2.655006923,1.137741804,0.689745009,0.54101342,1.911741376,1.421087073,0.830865562,0.858231962,0.905933857,3.947517872,2.86020423,1.245282531,2.440250397,3.058502436,6.672888756,5.107938621,2.414014339,1.158476442,0.645678401,2.440250397,1.196881287,0.282075435,3.058502436,4.063423008,1.911741376,6.672888756,3.011059212,1.421087073,5.107938621,1.406976059,0.830865562,2.414014339
IL17A,Afasevikumab,SAbDab,HCDR3,GFTFDDYA,INWSSGGI,ARFAGYRYSVWSYPDL,,0,2,0,FALSE,0.566472888,0.442170829,3.40458703,2.434072322,1.128049374,0.636543155,0.743090987,3.5566082,2.562044846,1.205611944,0.632922828,0.579653025,3.528971672,2.531988895,1.203570247,0.718141317,2.530092955,2.862311363,2.4136461,1.380778909,0.638520047,0.566472888,0.718141317,1.073751949,0.442170829,2.530092955,3.338119566,2.862311363,3.5566082,2.485438041,2.4136461,2.562044846,1.229502618,1.128049374,1.380778909
IL17A,Afasevikumab,SAbDab,HCDR3,GFTFDDYA,INWSSGGI,ARRDTDFWRGIYVFEF,,0,2,0,FALSE,0.897963107,0.933852077,5.747551918,4.115432041,1.672488928,0.60419482,0.563380599,4.625957489,3.297021931,1.400682211,0.734914124,1.015939355,4.491383076,3.237177606,1.37499094,1.135906219,2.50026989,5.310125828,3.998015291,1.896332979,0.843244568,0.60419482,1.135906219,1.25336048,0.563380599,2.50026989,5.043754578,4.491383076,5.747551918,3.661911717,3.237177606,4.115432041,1.586123765,1.37499094,1.896332979
IL17A,Afasevikumab,SAbDab,HCDR3,GFTFDDYA,INWSSGGI,ARDGSSTYYPHNWFDP,,0,2,0,FALSE,0.58470124,0.316765159,3.407186031,2.43207982,1.11542511,0.501341045,0.639050126,2.782627821,2.009089538,0.974496424,0.665248096,0.750948012,1.730594754,1.32253491,0.792275786,1.440346718,2.604507446,3.551177979,2.918894815,1.644279242,0.797909275,0.501341045,1.440346718,1.077817686,0.316765159,2.604507446,2.867896646,1.730594754,3.551177979,2.170649771,1.32253491,2.918894815,1.131619141,0.792275786,1.644279242
IL17A,Afasevikumab,SAbDab,HCDR3,GFTFDDYA,INWSSGGI,AKDVYSESGSGSYYDY,,0,2,0,FALSE,0.654515982,0.412870705,3.531790495,2.527149659,1.15445137,0.512555063,0.496134937,3.87921834,2.766113357,1.204052806,0.681969881,0.844100535,3.597470999,2.601018253,1.162757754,1.329777479,2.5817101,5.92591095,4.434703382,2.101558447,0.794704601,0.512555063,1.329777479,1.083704069,0.412870705,2.5817101,4.233597696,3.531790495,5.92591095,3.082246163,2.527149659,4.434703382,1.405705094,1.15445137,2.101558447
IL17A,Afasevikumab,SAbDab,HCDR3,GFTFDDYA,INWSSGGI,AKGLLRDGSSTWLPYL,,0,2,0,FALSE,0.484664142,0.343688548,2.820324183,2.016276155,0.873532295,0.63576287,0.506966949,3.557962894,2.548500041,1.15429163,0.770304441,0.452280283,2.367566824,1.732676522,0.950800896,1.947691441,2.85878849,5.28512001,4.117983749,2.084912062,0.959605724,0.484664142,1.947691441,1.040431067,0.343688548,2.85878849,3.507743478,2.367566824,5.28512001,2.603859117,1.732676522,4.117983749,1.265884221,0.873532295,2.084912062
IL17A,Afasevikumab,SAbDab,HCDR3,GFTFDDYA,INWSSGGI,AKVPGYSGGWIDAEDD,,0,4,0,FALSE,0.589895189,0.809868097,5.040012836,3.598865149,1.465319037,0.645562053,1.37835753,3.838454247,2.818868649,1.281904697,0.647989273,0.600565553,2.594591379,1.887086241,0.983169913,1.507900238,3.037166595,6.550442696,4.93241176,2.229953051,0.847836688,0.589895189,1.507900238,1.456489444,0.600565553,3.037166595,4.505875289,2.594591379,6.550442696,3.30930795,1.887086241,4.93241176,1.490086675,0.983169913,2.229953051
IL17A,Afasevikumab,SAbDab,HCDR3,GFTFDDYA,INWSSGGI,ARDRRRGSYGSDAFDI,,0,2,0,FALSE,0.519134104,0.652058065,2.537395716,1.841971361,0.852037728,0.465928704,0.678076804,2.499125004,1.814395855,0.917534769,0.574968159,0.594391167,2.124708176,1.558256951,0.850543857,1.162771225,2.460721254,2.803972721,2.404771925,1.460991621,0.680700548,0.465928704,1.162771225,1.096311823,0.594391167,2.460721254,2.491300404,2.124708176,2.803972721,1.904849023,1.558256951,2.404771925,1.020276994,0.850543857,1.460991621
IL17A,Afasevikumab,SAbDab,HCDR3,GFTFDDYA,INWSSGGI,ARLNYDILTGYYFFDF,,0,2,0,FALSE,0.449998289,0.477903038,5.226861477,3.710493619,1.557536364,0.587654948,0.544315815,4.720946312,3.362152815,1.428658843,0.878155768,0.770902634,5.484189034,3.921673977,1.590987802,1.269108891,2.534633636,6.313988686,4.684226491,2.150975943,0.796229474,0.449998289,1.269108891,1.081938781,0.477903038,2.534633636,5.436496377,4.720946312,6.313988686,3.919636726,3.362152815,4.684226491,1.682039738,1.428658843,2.150975943
IL17A,Afasevikumab,SAbDab,HCDR3,GFTFDDYA,INWSSGGI,AAKTGTWATLDRRYDY,,0,2,0,FALSE,0.623496056,0.284813762,3.611535072,2.576637216,1.168766737,0.545604587,0.595278203,3.52645421,2.526054191,1.150977135,0.777476072,0.480380207,3.359833956,2.419307887,1.119926333,1.162728071,2.593731642,4.493084908,3.480481445,1.772619605,0.777326196,0.545604587,1.162728071,0.988550954,0.284813762,2.593731642,3.747727036,3.359833956,4.493084908,2.750620185,2.419307887,3.480481445,1.303072453,1.119926333,1.772619605
IL17A,Afasevikumab,SAbDab,HCDR3,GFTFDDYA,INWSSGGI,ARSYITDWKKDWFFDL,,0,10,0,FALSE,0.415853858,0.39125216,4.181247234,2.970339608,1.294206738,0.530351102,0.610405505,3.852134943,2.753713602,1.201132059,0.614168525,0.74777633,3.522873402,2.537599576,1.144548178,0.922729313,2.618535995,4.71295166,3.610124196,1.776664734,0.6207757,0.415853858,0.922729313,1.091992497,0.39125216,2.618535995,4.06730181,3.522873402,4.71295166,2.967944246,2.537599576,3.610124196,1.354137927,1.144548178,1.776664734
IL17A,Afasevikumab,SAbDab,HCDR3,GFTFDDYA,INWSSGGI,SRSGIYDGYYAYAMDY,,0,4,0,FALSE,0.621103406,0.298389375,4.504992485,3.204088023,1.386265635,0.739059925,0.596631408,4.345663548,3.109331196,1.336301446,0.658048749,0.549080312,3.045410395,2.195652881,1.058064461,1.329951048,2.818497658,5.321361542,4.072667312,1.913556933,0.837040782,0.621103406,1.329951048,1.065649688,0.298389375,2.818497658,4.304356992,3.045410395,5.321361542,3.145434853,2.195652881,4.072667312,1.423547119,1.058064461,1.913556933
IL17A,Afasevikumab,SAbDab,HCDR3,GFTFDDYA,INWSSGGI,AAQDLLYYSFPGDHAY,,0,2,0,FALSE,0.770663321,0.295789719,4.014989376,2.86887142,1.280868411,0.628092289,0.640560746,3.44649291,2.47797522,1.13667655,0.799699366,0.561771333,4.007524967,2.875570327,1.240278959,1.15128839,2.701978683,4.790474415,3.691999594,1.788480878,0.837435842,0.628092289,1.15128839,1.05002512,0.295789719,2.701978683,4.064870417,3.44649291,4.790474415,2.97860414,2.47797522,3.691999594,1.3615762,1.13667655,1.788480878
IL17A,Afasevikumab,SAbDab,HCDR3,GFTFDDYA,INWSSGGI,ARDGGILTGYLDYFDH,,0,6,0,FALSE,0.499657661,0.377332836,2.259775639,1.628282049,0.753291249,0.448827058,0.702397764,2.668085814,1.932108444,0.966013372,0.561848521,0.639726818,3.003945351,2.166350589,1.052017689,1.323122978,2.58820653,3.85077095,3.086516697,1.682655573,0.708364055,0.448827058,1.323122978,1.076915987,0.377332836,2.58820653,2.945644438,2.259775639,3.85077095,2.203314445,1.628282049,3.086516697,1.113494471,0.753291249,1.682655573
IL17A,Afasevikumab,SAbDab,HCDR3,GFTFDDYA,INWSSGGI,ARWWASVGGAGGGLDY,,0,4,0,FALSE,0.82212323,0.499290019,5.463926315,3.893396932,1.597282648,0.353037536,0.634736955,2.102709293,1.530547226,0.819513619,0.711259902,0.588120282,3.46197319,2.491098796,1.138344288,1.00968504,2.656125069,5.422440529,4.089015372,1.903557539,0.724026427,0.353037536,1.00968504,1.094568081,0.499290019,2.656125069,4.112762332,2.102709293,5.463926315,3.001014582,1.530547226,4.089015372,1.364674523,0.819513619,1.903557539
IL17A,Afasevikumab,SAbDab,HCDR3,GFTFDDYA,INWSSGGI,TREGAYSGSSSYPMDY,,0,4,0,FALSE,0.539730787,0.440557808,3.539649963,2.527036022,1.189803004,0.634644091,0.437538296,4.300706863,3.06538627,1.312364936,0.773846388,0.445992291,2.702454805,1.962413776,0.980005741,1.306320667,2.66318202,5.990472317,4.488054403,2.065846205,0.813635483,0.539730787,1.306320667,0.996817604,0.437538296,2.66318202,4.133320987,2.702454805,5.990472317,3.010722618,1.962413776,4.488054403,1.387004972,0.980005741,2.065846205
IL17A,Afasevikumab,SAbDab,HCDR3,GFTFDDYA,INWSSGGI,ARAYIWWYQMRQAMDY,,0,4,0,FALSE,0.545754194,0.32079336,4.406964302,3.132228629,1.277781367,0.723026752,0.866473913,4.831323624,3.462546774,1.423730135,0.724504411,0.493741304,3.95287776,2.829274301,1.264593959,0.889368534,2.643417358,4.771269798,3.650639077,1.750244021,0.720663473,0.545754194,0.889368534,1.081106484,0.32079336,2.643417358,4.490608871,3.95287776,4.831323624,3.268672195,2.829274301,3.650639077,1.429087371,1.264593959,1.750244021
IL17A,Afasevikumab,SAbDab,HCDR3,GFTFDDYA,INWSSGGI,NGMRLYTRGSVRHPES,,0,8,0,FALSE,0.931783259,0.5924052,5.309860229,3.795009726,1.595212221,0.58273381,0.799398422,5.209686756,3.716863218,1.560319304,0.945102513,1.013724685,5.75123167,4.125354165,1.714422345,1.94611299,3.341979027,8.025252342,5.995113216,2.613762379,1.101433143,0.58273381,1.94611299,1.436876833,0.5924052,3.341979027,6.07400775,5.209686756,8.025252342,4.408085081,3.716863218,5.995113216,1.870929062,1.560319304,2.613762379
IL17A,Afasevikumab,SAbDab,HCDR3,GFTFDDYA,INWSSGGI,AASLGYSGAYASGYDY,,0,2,0,FALSE,0.439043194,0.335969955,3.043845177,2.170001247,0.950669169,0.766254544,1.109490395,2.573681355,1.940733521,0.973083436,0.753359675,0.476437151,2.801218271,2.030282663,0.994755507,1.032387614,2.811672449,4.447844028,3.483459457,1.739221215,0.747761257,0.439043194,1.032387614,1.183392487,0.335969955,2.811672449,3.216647208,2.573681355,4.447844028,2.406119222,1.940733521,3.483459457,1.164432332,0.950669169,1.739221215
IL17A,Afasevikumab,SAbDab,HCDR3,GFTFDDYA,INWSSGGI,ARWWQGMYEMGYGMDY,,0,2,0,FALSE,1.043573141,0.811259508,4.416624069,3.192190597,1.524676681,0.615981281,0.71955514,3.593805552,2.584959827,1.161817789,0.772940516,0.530267417,2.960655689,2.145319603,1.053043127,1.192319036,2.676284552,5.378354549,4.07546068,1.907778621,0.906203493,0.615981281,1.192319036,1.184341654,0.530267417,2.676284552,4.087359965,2.960655689,5.378354549,2.999482677,2.145319603,4.07546068,1.411829054,1.053043127,1.907778621
IL17A,Afasevikumab,SAbDab,HCDR3,GFTFDDYA,INWSSGGI,AKYPHYYGSSHWYFDV,,0,2,0,FALSE,0.462809563,0.393767923,4.283913612,3.044383252,1.305528283,0.53798151,0.630113721,3.540070057,2.537255378,1.129551172,0.858636856,1.161839008,3.500961065,2.578787695,1.16227603,1.428346992,2.593430281,4.682023525,3.626594282,1.82696569,0.82194373,0.462809563,1.428346992,1.194787733,0.393767923,2.593430281,4.001742065,3.500961065,4.682023525,2.946755152,2.537255378,3.626594282,1.356080294,1.129551172,1.82696569
IL17A,Afasevikumab,SAbDab,HCDR3,GFTFDDYA,INWSSGGI,ARVLSRASGMPDAFDI,,0,4,0,FALSE,0.355339915,0.46075967,3.605258703,2.565850081,1.163781643,0.431075901,0.575700045,2.854405165,2.050153327,0.967228293,0.627477944,0.461914867,1.814014435,1.340558713,0.777206242,1.087828636,2.64844346,4.863942146,3.725368784,1.826561213,0.625430599,0.355339915,1.087828636,1.03670451,0.46075967,2.64844346,3.284405112,1.814014435,4.863942146,2.420482727,1.340558713,3.725368784,1.183694348,0.777206242,1.826561213
IL17A,Afasevikumab,SAbDab,HCDR3,GFTFDDYA,INWSSGGI,ARGRDLAAFTKTAFDV,,0,4,0,FALSE,0.536061764,0.510113716,3.836052179,2.737616247,1.207893968,0.478355169,0.473801523,4.955580711,3.520258227,1.458225012,0.554327369,0.29998821,3.840128899,2.73360804,1.263823986,1.000126481,2.614632607,3.836887121,3.052865957,1.615293384,0.642217696,0.478355169,1.000126481,0.974634014,0.29998821,2.614632607,4.117162228,3.836052179,4.955580711,3.011087118,2.73360804,3.520258227,1.386309087,1.207893968,1.615293384
IL17A,Afasevikumab,SAbDab,HCDR3,GFTFDDYA,INWSSGGI,ARGELPYYRMSKVMDV,,0,2,0,FALSE,0.535203695,0.538556814,4.280529499,3.050506188,1.252899528,0.38507852,0.785263121,3.560734749,2.555513037,1.154745221,0.654651403,0.656147003,4.420212269,3.159732993,1.361556768,1.170667291,2.671772242,4.703910828,3.631885976,1.776314497,0.686400227,0.38507852,1.170667291,1.162934795,0.538556814,2.671772242,4.241346836,3.560734749,4.703910828,3.099409549,2.555513037,3.631885976,1.386379004,1.154745221,1.776314497
IL17A,Afasevikumab,SAbDab,HCDR3,GFTFDDYA,INWSSGGI,ARGLNYGSSQHWYFDV,,0,4,0,FALSE,0.418775201,0.351290315,3.898331165,2.770051863,1.222704411,0.555145144,0.53329891,3.915779114,2.795498435,1.20595181,0.587303877,0.412552029,1.571512341,1.167735747,0.729177773,0.938159168,2.599727392,5.330212116,4.014381881,1.882040024,0.624845847,0.418775201,0.938159168,0.974217162,0.351290315,2.599727392,3.678958684,1.571512341,5.330212116,2.686916982,1.167735747,4.014381881,1.259968504,0.729177773,1.882040024
IL17A,Afasevikumab,SAbDab,HCDR3,GFTFDDYA,INWSSGGI,ARHGRGVREVINAFDI,,0,2,0,FALSE,0.498642057,0.647560775,3.59362793,2.573727951,1.097523093,0.780105412,0.938822865,3.161371946,2.317245023,1.099407196,0.659873426,0.57606709,4.844342232,3.453353064,1.461047053,1.611928701,2.848534822,5.763869286,4.391948402,2.046196699,0.887637399,0.498642057,1.611928701,1.252746388,0.57606709,2.848534822,4.340802848,3.161371946,5.763869286,3.18406861,2.317245023,4.391948402,1.42604351,1.097523093,2.046196699
IL17A,Afasevikumab,SAbDab,HCDR3,GFTFDDYA,INWSSGGI,AKYPYYYGTSHWYFDV,,0,8,0,FALSE,0.581967473,0.409808099,4.642659664,3.302090487,1.392162323,0.462752491,0.594332159,5.095110416,3.622418767,1.484328151,0.816743314,0.9025231,3.699235678,2.68562408,1.168268919,1.338071346,2.527348757,5.020401478,3.82710036,1.860778332,0.799883656,0.462752491,1.338071346,1.108503029,0.409808099,2.527348757,4.614351809,3.699235678,5.095110416,3.359308423,2.68562408,3.82710036,1.476384431,1.168268919,1.860778332
IL17A,Afasevikumab,SAbDab,HCDR3,GFTFDDYA,INWSSGGI,TTDRFVEPATGPFFDY,,0,2,0,FALSE,0.76524502,0.718243837,5.678005695,4.04910396,1.615313768,0.734557033,0.702690542,4.511822224,3.230573772,1.405186296,0.667381525,0.646784484,4.258772373,3.047048265,1.307241201,1.446441054,2.621023893,5.747280121,4.330831778,2.05794239,0.903406158,0.667381525,1.446441054,1.172185689,0.646784484,2.621023893,5.048970103,4.258772373,5.747280121,3.664389444,3.047048265,4.330831778,1.596420914,1.307241201,2.05794239
IL17A,Afasevikumab,SAbDab,HCDR3,GFTFDDYA,INWSSGGI,NGHGSGGEVGSNWFDP,,0,4,0,FALSE,0.749763489,0.440348566,4.158276558,2.972313073,1.228035569,0.451292783,0.59608227,2.834447145,2.038820768,0.965016246,1.08456707,0.64662987,4.412100315,3.183067479,1.417262673,2.054888248,3.51749897,8.189603806,6.138700711,2.647652388,1.085127898,0.451292783,2.054888248,1.300139919,0.440348566,3.51749897,4.898606956,2.834447145,8.189603806,3.583225508,2.038820768,6.138700711,1.564491719,0.965016246,2.647652388
IL17A,Afasevikumab,SAbDab,HCDR3,GFTFDDYA,INWSSGGI,VREGSYYDSSYGAMDY,,0,2,0,FALSE,0.728124917,0.344084233,4.758964539,3.389101902,1.366610885,0.79357326,0.970126808,3.905849934,2.832058966,1.252557397,0.726708531,0.443837374,5.509180546,3.918776514,1.626267672,1.176986575,2.758209229,4.642627239,3.609050807,1.753694415,0.856348321,0.726708531,1.176986575,1.129064411,0.344084233,2.758209229,4.704155564,3.905849934,5.509180546,3.437247047,2.832058966,3.918776514,1.499782592,1.252557397,1.753694415
IL17A,Afasevikumab,SAbDab,HCDR3,GFTFDDYA,INWSSGGI,SNRQLGLRGYYYAMDY,,0,2,0,FALSE,0.560755491,0.51999861,4.402248859,3.136257137,1.385412097,0.672631681,0.688872576,5.182817459,3.696287747,1.525897145,0.615406871,0.659852743,3.416411161,2.457532386,1.154758215,1.310872436,2.717891693,4.913599968,3.78788368,1.830505133,0.78991662,0.560755491,1.310872436,1.146653906,0.51999861,2.717891693,4.478769362,3.416411161,5.182817459,3.269490237,2.457532386,3.78788368,1.474143147,1.154758215,1.830505133
IL17A,Afasevikumab,SAbDab,HCDR3,GFTFDDYA,INWSSGGI,NANIEAGTYYGPGRDY,,0,2,0,FALSE,0.760437965,0.51008749,3.640435457,2.614574334,1.209186792,0.667867005,0.706797719,4.312644958,3.088018071,1.335675478,0.842203498,0.573658347,3.016573668,2.193047196,1.049598813,1.937229276,3.327460766,6.517986774,4.994826213,2.264581442,1.051934436,0.667867005,1.937229276,1.279501081,0.51008749,3.327460766,4.371910214,3.016573668,6.517986774,3.222616453,2.193047196,4.994826213,1.464760631,1.049598813,2.264581442
IL17A,Afasevikumab,SAbDab,HCDR3,GFTFDDYA,INWSSGGI,ARSRYYGGTYRYALDY,,0,4,0,FALSE,0.552939773,0.377961218,4.468690872,3.177538092,1.298901916,0.464674622,0.634688199,3.099281788,2.226535808,1.030979156,0.64463985,0.463380218,4.173108101,2.977412644,1.310410619,0.9123137,2.613555431,5.715628624,4.271996296,1.977479219,0.643641986,0.464674622,0.9123137,1.022396266,0.377961218,2.613555431,4.364177346,3.099281788,5.715628624,3.16337071,2.226535808,4.271996296,1.404442728,1.030979156,1.977479219
IL17A,Afasevikumab,SAbDab,HCDR3,GFTFDDYA,INWSSGGI,ARRHSDMIGYYYGMDV,,0,2,0,FALSE,0.484176666,0.451102287,4.074491024,2.900037695,1.285930395,0.537956297,0.594632685,4.131865978,2.949051455,1.27366209,0.552330434,0.602050364,3.969237328,2.836248556,1.245328546,1.061233521,2.7186234,5.042656898,3.852723289,1.81980288,0.658924229,0.484176666,1.061233521,1.091602184,0.451102287,2.7186234,4.304562807,3.969237328,5.042656898,3.134515249,2.836248556,3.852723289,1.406180978,1.245328546,1.81980288
IL17A,Afasevikumab,Inverse Folding,HCDR3,GFTFDDYA,INWSSGGI,ARDVGGSGLYYFVFDL,,0,2,0,FALSE,0.483462721,0.358916432,1.859101653,1.348617359,0.771177113,0.445840955,0.765248239,1.942148328,1.44293618,0.801916122,0.624375284,0.732584357,3.519783735,2.534969399,1.121145844,0.868974388,2.57738924,3.563605785,2.863416847,1.537320018,0.605663337,0.445840955,0.868974388,1.108534567,0.358916432,2.57738924,2.721159875,1.859101653,3.563605785,2.047484946,1.348617359,2.863416847,1.057889774,0.771177113,1.537320018
IL17A,Afasevikumab,Inverse Folding,HCDR3,GFTFDDYA,INWSSGGI,ARDIGGDGLYYYVFDL,,0,4,0,FALSE,0.462052166,0.522543192,2.121544361,1.540165944,0.70501399,0.520191789,0.769566476,2.130184174,1.576245641,0.854392588,0.740631282,0.420172304,2.321465254,1.695839122,0.870517015,0.904119194,2.596594334,3.706624269,2.959639361,1.575777292,0.656748608,0.462052166,0.904119194,1.077219076,0.420172304,2.596594334,2.569954515,2.121544361,3.706624269,1.942972517,1.540165944,2.959639361,1.001425222,0.70501399,1.575777292
IL17A,Afasevikumab,Inverse Folding,HCDR3,GFTFDDYA,INWSSGGI,ARDVGSSGLYYYAFDL,,0,2,0,FALSE,0.524558127,0.421080738,3.009317398,2.154324292,1.012385368,0.767614722,0.645604014,2.751858711,2.009445797,1.040846705,0.480484366,0.616578519,2.374914408,1.724200625,0.883943141,1.021226764,2.64476347,3.760265112,3.013173798,1.587893844,0.698470995,0.480484366,1.021226764,1.082006685,0.421080738,2.64476347,2.974088907,2.374914408,3.760265112,2.225286128,1.724200625,3.013173798,1.131267264,0.883943141,1.587893844
IL17A,Afasevikumab,Inverse Folding,HCDR3,GFTFDDYA,INWSSGGI,ARDLGGEGLYYFVFDL,,0,2,0,FALSE,0.427665144,0.380818039,1.535267234,1.122721116,0.717090786,0.436635524,0.797514856,1.746206641,1.315784537,0.73806119,0.682571709,0.433653444,1.960322738,1.443926065,0.80618614,0.93834883,2.611445427,3.659199953,2.935968083,1.54957509,0.621305302,0.427665144,0.93834883,1.055857942,0.380818039,2.611445427,2.225249141,1.535267234,3.659199953,1.70459995,1.122721116,2.935968083,0.952728301,0.717090786,1.54957509
IL17A,Afasevikumab,Inverse Folding,HCDR3,GFTFDDYA,INWSSGGI,ARDIGSDGLYYFVFDV,,0,4,0,FALSE,0.458366036,0.352065742,2.717394352,1.943097645,0.946118891,0.704058647,0.459715247,2.023043633,1.491010376,0.877110243,0.725693703,0.402553231,1.990661621,1.467493427,0.805268705,1.010151267,2.589446783,3.160534859,2.631710537,1.483114362,0.724567413,0.458366036,1.010151267,0.950945251,0.352065742,2.589446783,2.472908616,1.990661621,3.160534859,1.883327996,1.467493427,2.631710537,1.02790305,0.805268705,1.483114362
IL17A,Afasevikumab,Inverse Folding,HCDR3,GFTFDDYA,INWSSGGI,ARDLGGDGLYYFVFDL,,0,4,0,FALSE,0.511139393,0.37287426,1.530586362,1.127573492,0.713293552,0.542505383,0.619818211,2.208424807,1.614989703,0.831997275,0.558332741,0.589938879,2.142537594,1.568494343,0.821027398,0.831616342,2.58720994,3.222115755,2.652795737,1.44066143,0.610898465,0.511139393,0.831616342,1.042460322,0.37287426,2.58720994,2.275916129,1.530586362,3.222115755,1.740963319,1.127573492,2.652795737,0.951744914,0.713293552,1.44066143
IL17A,Afasevikumab,Inverse Folding,HCDR3,GFTFDDYA,INWSSGGI,ARDLGGRGLYYFVFDL,,0,4,0,FALSE,0.640577018,0.380522728,1.407535911,1.062714819,0.705173671,0.375139058,0.684562385,2.067651272,1.513251345,0.788621068,0.510906816,0.461473793,2.340027809,1.690077227,0.88725996,1.109887004,2.1138978,2.986741543,2.425987591,1.410953403,0.659127474,0.375139058,1.109887004,0.910114177,0.380522728,2.1138978,2.200489134,1.407535911,2.986741543,1.673007745,1.062714819,2.425987591,0.948002025,0.705173671,1.410953403
IL17A,Afasevikumab,Inverse Folding,HCDR3,GFTFDDYA,INWSSGGI,ARDIGSSGLYYFAFDL,,0,4,0,FALSE,0.412022084,0.442075133,2.867481947,2.050005979,0.972686052,0.555954933,0.578882515,2.635634661,1.9063926,0.948331952,0.724824846,0.764909506,3.589812279,2.592487319,1.137919664,1.013116121,2.665537834,3.313182592,2.742528669,1.504428029,0.676479496,0.412022084,1.013116121,1.112851247,0.442075133,2.665537834,3.10152787,2.635634661,3.589812279,2.322853642,1.9063926,2.742528669,1.140841424,0.948331952,1.504428029
IL17A,Afasevikumab,Inverse Folding,HCDR3,GFTFDDYA,INWSSGGI,ARDLGSDGLYYFAFDL,,0,2,0,FALSE,0.475344121,0.487015337,2.303215742,1.663786456,0.865290761,0.545411527,0.604295015,1.931248307,1.424963705,0.765933514,0.580569685,0.524547756,1.775619626,1.315091406,0.727927208,1.039390326,2.652247906,3.144298077,2.64045318,1.473946452,0.660178915,0.475344121,1.039390326,1.067026503,0.487015337,2.652247906,2.288595438,1.775619626,3.144298077,1.761073687,1.315091406,2.64045318,0.958274484,0.727927208,1.473946452
IL17A,Afasevikumab,Inverse Folding,HCDR3,GFTFDDYA,INWSSGGI,ARDIGSSGLYYYAFDL,,0,2,0,FALSE,0.401153743,0.420349598,2.838327885,2.027919406,0.976314366,0.447724372,0.614473462,3.450496197,2.46930571,1.123106718,0.630049407,0.454430401,2.138717651,1.561385253,0.847993791,1.021333218,2.664171219,3.250025272,2.704914895,1.501414537,0.625065185,0.401153743,1.021333218,1.03835617,0.420349598,2.664171219,2.919391751,2.138717651,3.450496197,2.190881316,1.561385253,2.704914895,1.112207353,0.847993791,1.501414537
IL17A,Afasevikumab,Inverse Folding,HCDR3,GFTFDDYA,INWSSGGI,ARDLGSRGLYYFVFDL,,0,2,0,FALSE,0.428341478,0.376281202,2.308029413,1.656733496,0.848939896,0.525546074,0.855471194,1.822889686,1.383282622,0.756938517,0.510415077,0.775613427,2.409870386,1.766143418,0.880416393,1.094181418,2.122858286,3.058674574,2.47056373,1.426592708,0.639621012,0.428341478,1.094181418,1.032556027,0.376281202,2.122858286,2.399866015,1.822889686,3.058674574,1.819180817,1.383282622,2.47056373,0.978221878,0.756938517,1.426592708
IL17A,Afasevikumab,Inverse Folding,HCDR3,GFTFDDYA,INWSSGGI,ARDLGSEGLYYFVFDL,,0,2,0,FALSE,0.342356801,0.430325925,1.688310742,1.225068866,0.740048468,0.498728544,0.436234832,2.064402819,1.496875829,0.783536077,0.520231247,0.711390018,1.845164299,1.37713279,0.742230117,0.964586914,2.618584394,3.208300114,2.663352745,1.477738261,0.581475876,0.342356801,0.964586914,1.049133793,0.430325925,2.618584394,2.201544493,1.688310742,3.208300114,1.690607558,1.225068866,2.663352745,0.935888231,0.740048468,1.477738261
IL17A,Afasevikumab,Inverse Folding,HCDR3,GFTFDDYA,INWSSGGI,ARDIGSSGLYYFVFDL,,0,4,0,FALSE,0.382260382,0.431249321,1.70950532,1.242670094,0.750019133,0.474726796,0.515626729,2.292681217,1.658614692,0.880184591,0.750305951,0.630100489,2.212342501,1.639276085,0.835514545,0.851102173,2.572434902,3.584071159,2.87371399,1.530797362,0.614598826,0.382260382,0.851102173,1.03735286,0.431249321,2.572434902,2.449650049,1.70950532,3.584071159,1.853568715,1.242670094,2.87371399,0.999128908,0.750019133,1.530797362
IL17A,Afasevikumab,Inverse Folding,HCDR3,GFTFDDYA,INWSSGGI,ARDVGGRGLYYFAFDL,,0,6,0,FALSE,0.436882615,0.278681785,3.423311234,2.43447374,1.011785865,0.683064163,0.523487806,2.020960569,1.492412425,0.833309114,0.668040454,0.46340704,2.997589111,2.15824611,0.996083975,1.090069652,2.353965998,3.248582602,2.637990978,1.471473336,0.719514221,0.436882615,1.090069652,0.904885657,0.278681785,2.353965998,2.922610879,2.020960569,3.423311234,2.180780813,1.492412425,2.637990978,1.078163072,0.833309114,1.471473336
IL17A,Afasevikumab,Inverse Folding,HCDR3,GFTFDDYA,INWSSGGI,ARDLGSSGLYYFVFDV,,0,4,0,FALSE,0.37368989,0.426681101,1.654500127,1.203790081,0.739294171,0.480939746,0.550198317,2.249792576,1.632264876,0.796567023,0.592847466,0.740038097,2.016671419,1.502751787,0.803183794,0.992939115,2.574239969,2.856308937,2.445896614,1.412140131,0.610104054,0.37368989,0.992939115,1.072789371,0.426681101,2.574239969,2.194318265,1.654500127,2.856308937,1.696175839,1.203790081,2.445896614,0.93779628,0.739294171,1.412140131
IL17A,Afasevikumab,Inverse Folding,HCDR3,GFTFDDYA,INWSSGGI,ARDVGSDGIYYFVFDL,,0,2,0,FALSE,0.426181227,0.388782114,2.903045893,2.072928658,0.97666198,0.429152787,0.621320724,2.113611221,1.541502218,0.814156234,0.517800689,0.594828606,1.976374865,1.452072126,0.787121594,1.022969604,2.620350838,3.890080929,3.08942408,1.613686085,0.599026076,0.426181227,1.022969604,1.05632057,0.388782114,2.620350838,2.720778227,1.976374865,3.890080929,2.03898177,1.452072126,3.08942408,1.047906473,0.787121594,1.613686085
IL17A,Afasevikumab,Inverse Folding,HCDR3,GFTFDDYA,INWSSGGI,ARDIGGYGLYYFVFDL,,0,2,0,FALSE,0.847900271,0.513878465,0.873279929,0.791871457,0.824441433,0.459710419,0.447069436,1.815292239,1.323043516,0.774028361,0.579458833,0.470443487,2.875653505,2.067356753,1.002832174,0.639487982,2.498378754,3.306966543,2.670341584,1.428005099,0.631639376,0.459710419,0.847900271,0.982442535,0.447069436,2.498378754,2.217798054,0.873279929,3.306966543,1.713153328,0.791871457,2.670341584,1.007326767,0.774028361,1.428005099
IL17A,Afasevikumab,Inverse Folding,HCDR3,GFTFDDYA,INWSSGGI,ARDVGSDGLYYFVFDV,,0,4,0,FALSE,0.433649421,0.365621716,2.618112087,1.872882328,0.923315465,0.369301766,0.554564059,2.192361832,1.585624947,0.812028944,0.702641189,0.617119193,1.643567324,1.252713837,0.788792193,1.103670359,2.604221344,3.744202852,3.001589873,1.601172924,0.652315684,0.369301766,1.103670359,1.035381578,0.365621716,2.604221344,2.549561024,1.643567324,3.744202852,1.928202746,1.252713837,3.001589873,1.031327382,0.788792193,1.601172924
IL17A,Afasevikumab,Inverse Folding,HCDR3,GFTFDDYA,INWSSGGI,ARDLGGSGLYYFVFDL,,0,4,0,FALSE,0.44074145,0.515362203,1.0914433,0.842963253,0.656767011,0.462530792,0.530824304,2.036740065,1.482593113,0.784554482,0.601158738,0.883295834,2.979191065,2.173290257,0.996774197,0.882415771,2.587593079,3.409324408,2.771339088,1.497747779,0.596711688,0.44074145,0.882415771,1.129268855,0.515362203,2.587593079,2.379174709,1.0914433,3.409324408,1.817546428,0.842963253,2.771339088,0.983960867,0.656767011,1.497747779
IL17A,Afasevikumab,Inverse Folding,HCDR3,GFTFDDYA,INWSSGGI,ARDLGGDGLYYFAFDL,,0,2,0,FALSE,0.426690161,0.338438958,2.345730782,1.680886018,0.744852245,0.679715514,0.781816602,2.306262255,1.711062649,0.863301635,0.744472384,0.515692115,2.369978905,1.735927526,0.898210704,1.084386945,2.69042182,3.206792116,2.691713951,1.487195015,0.733816251,0.426690161,1.084386945,1.081592374,0.338438958,2.69042182,2.557191014,2.306262255,3.206792116,1.954897536,1.680886018,2.691713951,0.9983899,0.744852245,1.487195015
IL17A,Afasevikumab,Inverse Folding,HCDR3,GFTFDDYA,INWSSGGI,ARDLGSDGLYYFVFDV,,0,4,0,FALSE,0.447198719,0.34471795,2.498803139,1.789333075,0.893585563,0.682049692,0.732730091,2.255181789,1.671359849,0.836982548,0.630205989,0.426920384,1.442248106,1.088528801,0.717904866,0.902730048,2.586687803,2.995738506,2.522636207,1.385137677,0.665546112,0.447198719,0.902730048,1.022764057,0.34471795,2.586687803,2.297992885,1.442248106,2.995738506,1.767964483,1.088528801,2.522636207,0.958402663,0.717904866,1.385137677
IL17A,Afasevikumab,Inverse Folding,HCDR3,GFTFDDYA,INWSSGGI,ARDLGASGLYYFAFDL,,0,4,0,FALSE,0.430829227,0.32784301,2.895955801,2.065563777,0.881310582,0.460081697,0.434445322,2.966794014,2.12156495,0.973372459,0.633024335,0.394385874,2.179322958,1.585493388,0.817003012,1.071122646,2.579555035,3.222420692,2.672517453,1.484531879,0.648764476,0.430829227,1.071122646,0.93405731,0.32784301,2.579555035,2.816123366,2.179322958,3.222420692,2.111284892,1.585493388,2.672517453,1.039054483,0.817003012,1.484531879
IL17A,Afasevikumab,Inverse Folding,HCDR3,GFTFDDYA,INWSSGGI,ARDIGSDGLYYYVFDL,,0,4,0,FALSE,0.580298185,0.368414015,2.125910282,1.542033068,0.838808894,0.362567335,0.747452199,1.678587794,1.257522746,0.751514256,0.706086636,0.481612593,1.947943449,1.442175127,0.787381828,0.976861715,2.614042044,3.699850321,2.965015152,1.582186341,0.656453468,0.362567335,0.976861715,1.052880213,0.368414015,2.614042044,2.363072962,1.678587794,3.699850321,1.801686523,1.257522746,2.965015152,0.98997283,0.751514256,1.582186341
IL17A,Afasevikumab,Inverse Folding,HCDR3,GFTFDDYA,INWSSGGI,ARDVGSEGLYYFAFDL,,0,2,0,FALSE,0.371078849,0.47060281,2.816066742,2.013680108,0.97111392,0.693304777,0.805890024,2.679494619,1.967835935,1.02654624,0.650431633,0.591136098,2.120439529,1.562452463,0.838119864,1.019903779,2.675206184,3.981567621,3.158428933,1.628118873,0.68367976,0.371078849,1.019903779,1.135708779,0.47060281,2.675206184,2.899392128,2.120439529,3.981567621,2.17559936,1.562452463,3.158428933,1.115974724,0.838119864,1.628118873
IL17A,Afasevikumab,Inverse Folding,HCDR3,GFTFDDYA,INWSSGGI,ARDIGSYGLYYFVFDL,,0,4,0,FALSE,0.48006615,0.407145262,2.300985813,1.657204136,0.854938626,0.538111627,0.568755329,2.168228626,1.582361961,0.879151821,0.657202482,0.690172434,2.518051863,1.84319176,0.921310067,0.694611788,2.510136604,3.557285547,2.832482667,1.495556355,0.592498012,0.48006615,0.694611788,1.044052407,0.407145262,2.510136604,2.636137962,2.168228626,3.557285547,1.978810131,1.582361961,2.832482667,1.037739217,0.854938626,1.495556355
IL17A,Afasevikumab,Inverse Folding,HCDR3,GFTFDDYA,INWSSGGI,ARDLGSSGLYYYVFDL,,0,2,0,FALSE,0.351562798,0.373983741,1.842514277,1.327890993,0.761132896,0.439243048,0.650982082,2.144258499,1.566237622,0.839338541,0.596318007,0.89617759,1.691716909,1.31172993,0.755872846,1.00764966,2.600629568,3.353629589,2.751013215,1.509237528,0.598693378,0.351562798,1.00764966,1.130443245,0.373983741,2.600629568,2.258029819,1.691716909,3.353629589,1.73921794,1.31172993,2.751013215,0.966395453,0.755872846,1.509237528
IL17A,Afasevikumab,Inverse Folding,HCDR3,GFTFDDYA,INWSSGGI,ARDIGGRGLYYFVFDL,,0,2,0,FALSE,0.382821918,0.472180873,1.200962186,0.901960052,0.675293982,0.357044935,0.634910524,1.814569116,1.333783585,0.713637471,0.612135887,0.601656854,2.999015093,2.163612972,1.000597954,1.011977553,2.487133741,3.084033489,2.560881584,1.454777956,0.590995073,0.357044935,1.011977553,1.048970498,0.472180873,2.487133741,2.274644971,1.200962186,3.084033489,1.740059548,0.901960052,2.560881584,0.961076841,0.675293982,1.454777956
IL17A,Afasevikumab,Inverse Folding,HCDR3,GFTFDDYA,INWSSGGI,ARDIGSSGLYYFVFDV,,0,4,0,FALSE,0.528155625,0.380821347,3.251087189,2.321804744,0.996808767,0.620149434,0.699759841,2.164378166,1.600258952,0.821915567,0.575263202,0.675054908,2.029321909,1.501908927,0.815418124,0.995020628,2.574351311,3.33355546,2.731416058,1.510924339,0.679647222,0.528155625,0.995020628,1.082496852,0.380821347,2.574351311,2.694585681,2.029321909,3.33355546,2.03884717,1.501908927,2.731416058,1.036266699,0.815418124,1.510924339
IL17A,Afasevikumab,Inverse Folding,HCDR3,GFTFDDYA,INWSSGGI,ARDIGGEGLYYFVFDL,239,3,4,0.75,FALSE,0.407103896,0.507171094,1.266071439,0.952474393,0.680568814,0.539277256,0.791675687,1.985323191,1.48328914,0.797737837,0.649005294,0.445315897,2.177475929,1.589207111,0.817905188,0.744785488,2.569620609,3.531829596,2.833076776,1.509361506,0.585042983,0.407103896,0.744785488,1.078445822,0.445315897,2.569620609,2.240175039,1.266071439,3.531829596,1.714511855,0.952474393,2.833076776,0.951393336,0.680568814,1.509361506
IL17A,Afasevikumab,Inverse Folding,HCDR3,GFTFDDYA,INWSSGGI,ARDVGSSGLYYYVFDL,,0,6,0,FALSE,0.454107314,0.38111186,3.159590721,2.253746145,1.038084269,0.511220336,0.557043612,2.60063982,1.877385067,0.976379335,0.532747567,0.745122075,1.621034384,1.234355279,0.744235814,0.992542982,2.593786001,4.220772743,3.291759123,1.677546978,0.62265455,0.454107314,0.992542982,1.069265887,0.38111186,2.593786001,2.900509417,1.621034384,4.220772743,2.164311404,1.234355279,3.291759123,1.109061599,0.744235814,1.677546978
IL17A,Afasevikumab,Inverse Folding,HCDR3,GFTFDDYA,INWSSGGI,ARDIGSEGLYYFVFDL,584,3,4,0.75,FALSE,0.381171614,0.4015567,2.963742733,2.113887506,0.986180067,0.533075094,0.495521188,2.082901955,1.517124864,0.825802565,0.599580944,0.413777798,2.205154657,1.601259153,0.847768843,0.794921577,2.569729567,3.803348064,3.006922154,1.573190451,0.577187307,0.381171614,0.794921577,0.970146313,0.4015567,2.569729567,2.763786852,2.082901955,3.803348064,2.059798419,1.517124864,3.006922154,1.058235481,0.825802565,1.573190451
IL17A,Afasevikumab,Inverse Folding,HCDR3,GFTFDDYA,INWSSGGI,ARDIGSEGLYYFAFDL,523,1,6,0.166666667,FALSE,0.36773321,0.470583498,2.730054855,1.953399317,0.947657764,0.412154496,0.549140096,2.222023249,1.608275537,0.872771978,0.729913831,0.557312131,2.097637177,1.552702037,0.878983676,0.988845944,2.682400465,3.546533585,2.886558915,1.547768116,0.62466187,0.36773321,0.988845944,1.064859048,0.470583498,2.682400465,2.649062216,2.097637177,3.546533585,2.000233952,1.552702037,2.886558915,1.061795384,0.872771978,1.547768116
IL17A,Afasevikumab,Inverse Folding,HCDR3,GFTFDDYA,INWSSGGI,ARDLGADGLYYFVFDL,533,1,2,0.5,FALSE,0.405534774,0.313737839,2.595941544,1.853423513,0.820062935,0.393685251,0.709171355,2.093163967,1.534648402,0.792593181,0.638171375,0.83408612,1.718694925,1.323894525,0.812147498,0.806467533,2.582227945,2.921194077,2.469060586,1.354648829,0.560964733,0.393685251,0.806467533,1.109805815,0.313737839,2.582227945,2.332248628,1.718694925,2.921194077,1.795256757,1.323894525,2.469060586,0.944863111,0.792593181,1.354648829
IL17A,Afasevikumab,Inverse Folding,HCDR3,GFTFDDYA,INWSSGGI,ARDLGSEGLYYFAFDL,,0,4,0,FALSE,0.405508846,0.458681762,2.693823576,1.929261342,0.949934542,0.283567101,0.70182997,2.473495483,1.789506595,0.860440552,0.513745964,0.544325411,2.47658062,1.790749019,0.873350143,1.03957212,2.65307045,3.229882002,2.691828769,1.490540981,0.560598508,0.283567101,1.03957212,1.089476898,0.458681762,2.65307045,2.71844542,2.473495483,3.229882002,2.050336432,1.789506595,2.691828769,1.043566555,0.860440552,1.490540981
IL17A,Afasevikumab,Inverse Folding,HCDR3,GFTFDDYA,INWSSGGI,ARDVGASGLYYFVFDL,,0,2,0,FALSE,0.349706203,0.400648028,1.874576092,1.35193235,0.773510218,0.562382281,0.603055418,2.651308775,1.919558941,0.981183231,0.472876191,0.575205564,2.850487232,2.049696822,0.981098354,0.971425474,2.599698544,3.87808013,3.073317058,1.610716701,0.589097537,0.349706203,0.971425474,1.044651888,0.400648028,2.599698544,2.813613057,1.874576092,3.87808013,2.098626293,1.35193235,3.073317058,1.086627126,0.773510218,1.610716701
IL17A,Afasevikumab,Inverse Folding,HCDR3,GFTFDDYA,INWSSGGI,ARDLGSYGLYYFVFDL,,0,2,0,FALSE,0.490490645,0.41052115,2.012633085,1.458637426,0.801374495,0.471396983,0.479784161,1.820773005,1.330679961,0.757837415,0.500879228,0.601608574,1.846817017,1.36329372,0.785578847,0.746510267,2.523037672,2.843753099,2.402959636,1.365456343,0.552319281,0.471396983,0.746510267,1.003737889,0.41052115,2.523037672,2.130994052,1.820773005,2.843753099,1.638892686,1.330679961,2.402959636,0.927561775,0.757837415,1.365456343
IL17A,Afasevikumab,Inverse Folding,HCDR3,GFTFDDYA,INWSSGGI,ARDLGSDGLYYYAFDL,,0,4,0,FALSE,0.481026411,0.475043386,2.362561226,1.704438597,0.874197006,0.462293893,0.811502159,2.129023552,1.576208581,0.829422474,0.713391662,0.565364957,1.863768339,1.394258767,0.812217414,1.047644019,2.649030685,3.13815403,2.636804078,1.477938652,0.676088996,0.462293893,1.047644019,1.125235297,0.475043386,2.649030685,2.373376787,1.863768339,3.13815403,1.827927506,1.394258767,2.636804078,0.998443887,0.812217414,1.477938652
IL17A,Afasevikumab,Inverse Folding,HCDR3,GFTFDDYA,INWSSGGI,ARDIGSDGLYYFAFDL,655,1,8,0.125,FALSE,0.454576313,0.477991402,2.388835669,1.721059783,0.879402757,0.801247537,0.838613689,2.035607815,1.551827059,0.965883315,0.592279494,0.350986391,2.66083622,1.912726145,0.928539276,1.019937873,2.689073563,3.313390732,2.749022834,1.506947875,0.717010304,0.454576313,1.019937873,1.089166261,0.350986391,2.689073563,2.599667609,2.035607815,3.313390732,1.983658955,1.551827059,2.749022834,1.070193306,0.879402757,1.506947875
IL17A,Afasevikumab,Inverse Folding,HCDR3,GFTFDDYA,INWSSGGI,ARDLGGDGLYYYVFDL,,0,2,0,FALSE,0.438910514,0.289290547,2.066284657,1.48453663,0.705653846,0.484485745,0.581660569,1.86831677,1.374251665,0.755900383,0.608298182,0.522380233,2.028099537,1.489067095,0.802171588,0.97870189,2.608048201,3.569125891,2.882580964,1.548622847,0.627599083,0.438910514,0.97870189,1.000344887,0.289290547,2.608048201,2.382956713,1.86831677,3.569125891,1.807609088,1.374251665,2.882580964,0.953087166,0.705653846,1.548622847
IL17A,Afasevikumab,Inverse Folding,HCDR3,GFTFDDYA,INWSSGGI,ARDLGGSGLYYFAFDL,,0,4,0,FALSE,0.501339376,0.524615645,1.300970197,0.988889485,0.729280531,0.741395772,0.753733218,2.026494503,1.527345851,0.868333399,0.648234665,0.638347507,1.965162992,1.462141144,0.769204855,1.060846448,2.677976847,3.279473066,2.729782151,1.505855322,0.737954065,0.501339376,1.060846448,1.148668304,0.524615645,2.677976847,2.14302519,1.300970197,3.279473066,1.677039657,0.988889485,2.729782151,0.968168527,0.729280531,1.505855322
IL17A,Afasevikumab,Inverse Folding,HCDR3,GFTFDDYA,INWSSGGI,ARDVGGRGLYYFVFDL,,0,2,0,FALSE,0.550730348,0.409830809,1.642228603,1.210897888,0.735864639,0.692255318,0.624221504,2.192347527,1.618768457,0.900133371,0.557949841,0.526590526,3.027644634,2.174963774,0.994075418,1.028753638,2.536857843,3.301956654,2.70646528,1.50545907,0.707422286,0.550730348,1.028753638,1.02437517,0.409830809,2.536857843,2.541044354,1.642228603,3.301956654,1.92777385,1.210897888,2.70646528,1.033883125,0.735864639,1.50545907
IL17A,Afasevikumab,Inverse Folding,HCDR3,GFTFDDYA,INWSSGGI,ARDIGSSGLYYYVFDL,,0,4,0,FALSE,0.423786223,0.346257389,1.991643786,1.434640973,0.800663233,0.389772236,0.662692249,2.386319876,1.730616112,0.870369613,0.581138015,0.444743544,1.963721037,1.435959508,0.759506762,0.957744837,2.598036766,3.736795664,2.983050196,1.582170248,0.588110328,0.389772236,0.957744837,1.012932487,0.346257389,2.598036766,2.519620091,1.963721037,3.736795664,1.896066697,1.434640973,2.983050196,1.003177464,0.759506762,1.582170248
IL17A,Afasevikumab,Inverse Folding,HCDR3,GFTFDDYA,INWSSGGI,ARDLGSYGLYYFAFDL,,0,2,0,FALSE,0.408697069,0.486081839,2.218086004,1.600243723,0.846912563,0.362680584,0.885505438,2.136327267,1.584569773,0.80454731,0.605827272,0.686770558,2.249580145,1.655287146,0.866310656,1.018472552,2.602384567,3.258195877,2.69450239,1.490646958,0.598919369,0.362680584,1.018472552,1.165185601,0.486081839,2.602384567,2.465547323,2.136327267,3.258195877,1.883650758,1.584569773,2.69450239,1.002104372,0.80454731,1.490646958
IL17A,Afasevikumab,Inverse Folding,HCDR3,GFTFDDYA,INWSSGGI,ARDVGSRGLYYFVFDL,,0,4,0,FALSE,0.433821142,0.390156239,2.528075933,1.81126741,0.897923887,0.510421038,0.663422406,2.350654364,1.714045711,0.892386913,0.526449621,0.722665668,2.441243887,1.783167007,0.909312248,0.979296565,2.539642811,3.553793669,2.857783505,1.550649881,0.612497091,0.433821142,0.979296565,1.078971781,0.390156239,2.539642811,2.718441963,2.350654364,3.553793669,2.041565908,1.714045711,2.857783505,1.062568232,0.892386913,1.550649881
IL17A,Afasevikumab,Inverse Folding,HCDR3,GFTFDDYA,INWSSGGI,ARDLGGSGLYYYVFDL,,0,2,0,FALSE,0.541377604,0.378377378,1.675682783,1.23004926,0.742344081,0.350051999,0.710490823,2.643612146,1.910805064,0.883171499,0.576673448,0.444252938,2.402472258,1.737358544,0.89596051,0.970030189,2.610846996,3.65942502,2.938548262,1.563096523,0.60953331,0.350051999,0.970030189,1.035992034,0.378377378,2.610846996,2.595298052,1.675682783,3.65942502,1.954190283,1.23004926,2.938548262,1.021143153,0.742344081,1.563096523
IL17A,Afasevikumab,Inverse Folding,HCDR3,GFTFDDYA,INWSSGGI,ARDLGSRGLYYFAFDL,,0,2,0,FALSE,0.422789574,0.485076666,2.293516397,1.653366666,0.859651923,0.390948415,0.583108127,2.61406064,1.881454345,0.901752591,0.712466776,0.347761333,2.031889915,1.490444574,0.830354154,1.092867732,1.254850268,3.246642828,2.441842971,1.4150033,0.654768124,0.390948415,1.092867732,0.667699099,0.347761333,1.254850268,2.546527445,2.031889915,3.246642828,1.866777139,1.490444574,2.441842971,1.001690492,0.830354154,1.4150033
IL17A,Afasevikumab,Inverse Folding,HCDR3,GFTFDDYA,INWSSGGI,ARDLGSSGLYYFAFDL,,0,2,0,FALSE,0.46699053,0.465815097,2.625072956,1.885277162,0.929198623,0.38624844,0.528087676,2.0294981,1.471885655,0.764420211,0.529296458,0.590737343,2.515706539,1.822545207,0.895736039,1.06044817,2.617573738,3.255470991,2.700575186,1.492861986,0.610745899,0.38624844,1.06044817,1.050553463,0.465815097,2.617573738,2.606437147,2.0294981,3.255470991,1.970070803,1.471885655,2.700575186,1.020554215,0.764420211,1.492861986
IL17A,Afasevikumab,Inverse Folding,HCDR3,GFTFDDYA,INWSSGGI,ARDIGASGLYYFAFDL,446,1,2,0.5,FALSE,0.42144841,0.305363983,2.930467367,2.088429069,0.887179911,0.606770575,0.531248748,3.168938875,2.276770902,1.068192363,0.553074062,0.412427813,2.46750021,1.778559965,0.899646342,1.042046547,2.655730247,3.240403175,2.699036385,1.494625807,0.655834898,0.42144841,1.042046547,0.976192698,0.305363983,2.655730247,2.951827407,2.46750021,3.240403175,2.21069908,1.778559965,2.699036385,1.087411106,0.887179911,1.494625807
IL17A,Afasevikumab,Inverse Folding,HCDR3,GFTFDDYA,INWSSGGI,ARDVGGYGLYYFVFDL,,0,2,0,FALSE,0.465162545,0.439382464,1.30488348,0.976585242,0.681905329,0.592430294,0.641432226,2.454247713,1.789488239,0.89470017,0.485868275,0.707265556,3.052965641,2.20099358,1.01410079,0.687595665,2.504890919,3.529338598,2.813348903,1.486476779,0.557764195,0.465162545,0.687595665,1.073242791,0.439382464,2.504890919,2.585358858,1.30488348,3.529338598,1.945103991,0.976585242,2.813348903,1.019295767,0.681905329,1.486476779
IL17A,Afasevikumab,Inverse Folding,HCDR3,GFTFDDYA,INWSSGGI,ARDVGSDGLYYFAFDL,,0,4,0,FALSE,0.461616427,0.470221847,2.503361464,1.800544053,0.906289101,1.083800316,0.768601298,2.100104809,1.626826012,0.941993475,0.483660549,0.566292644,2.465202093,1.782488261,0.889478743,1.017507195,2.671236277,3.626120567,2.935486539,1.564107299,0.761646122,0.461616427,1.083800316,1.119088016,0.470221847,2.671236277,2.673697233,2.100104809,3.626120567,2.036336216,1.626826012,2.935486539,1.075467154,0.889478743,1.564107299
IL17A,Afasevikumab,Inverse Folding,HCDR3,GFTFDDYA,INWSSGGI,ARDVGADGLYYFVFDL,244,2,2,1,TRUE,0.45829916,0.425207824,1.80207026,1.312036038,0.771189094,0.719150484,0.500399292,2.403646708,1.755178898,0.914953768,0.608045816,0.739038169,2.256441832,1.66575483,0.863202095,1.009775758,2.616603136,3.962893248,3.133500632,1.623975158,0.698817804,0.45829916,1.009775758,1.070312105,0.425207824,2.616603136,2.606263012,1.80207026,3.962893248,1.966617599,1.312036038,3.133500632,1.043330029,0.771189094,1.623975158
IL17A,Afasevikumab,Inverse Folding,HCDR3,GFTFDDYA,INWSSGGI,ARDVGGDGLYYFVFDL,234,2,2,1,TRUE,0.502015412,0.337108076,1.332815766,0.989754649,0.689060986,0.492614627,0.697576582,2.069297314,1.524242845,0.830074847,0.519203901,0.469644338,2.511873007,1.810328043,0.87628448,0.876126707,2.591180801,3.715004921,2.961601724,1.568946719,0.597490162,0.492614627,0.876126707,1.023877449,0.337108076,2.591180801,2.407247752,1.332815766,3.715004921,1.821481815,0.989754649,2.961601724,0.991091758,0.689060986,1.568946719
IL17A,Afasevikumab,Inverse Folding,HCDR3,GFTFDDYA,INWSSGGI,ARDVGGEGLYYFVFDL,,0,2,0,FALSE,0.417311281,0.384343386,1.7417835,1.263871835,0.75369823,0.474665821,0.698328972,1.900507569,1.408618919,0.76584655,0.643934846,0.559647977,2.621344805,1.902022287,0.918983817,0.873338163,2.584605932,3.723565578,2.965332553,1.573337317,0.602312528,0.417311281,0.873338163,1.056731567,0.384343386,2.584605932,2.496800363,1.7417835,3.723565578,1.884961399,1.263871835,2.965332553,1.002966478,0.75369823,1.573337317
IL17A,Afasevikumab,Inverse Folding,HCDR3,GFTFDDYA,INWSSGGI,ARDVGSYGLYYFAFDL,,0,6,0,FALSE,0.399136364,0.498448282,2.218906164,1.601159709,0.851165056,0.521390855,0.597417712,2.012633324,1.477340697,0.798239291,0.590814292,0.46003142,3.210497618,2.300830304,1.052453399,0.949458778,2.627509117,3.613559961,2.912082902,1.554008245,0.615200073,0.399136364,0.949458778,1.045851633,0.46003142,2.627509117,2.763899267,2.012633324,3.613559961,2.072853403,1.477340697,2.912082902,1.063966498,0.798239291,1.554008245
IL17A,Afasevikumab,Inverse Folding,HCDR3,GFTFDDYA,INWSSGGI,ARDLGSDGLYYYVFDL,,0,4,0,FALSE,0.514901578,0.384454489,2.015037537,1.460623278,0.813122988,0.413099259,0.808251798,1.918806076,1.43069524,0.794975936,0.428883463,0.373145103,1.393762231,1.025710072,0.674795985,1.021962881,2.621349096,3.277081013,2.710830092,1.500279665,0.594711795,0.413099259,1.021962881,1.046800122,0.373145103,2.621349096,2.151171714,1.393762231,3.277081013,1.65696467,1.025710072,2.710830092,0.945793644,0.674795985,1.500279665
IL17A,Afasevikumab,Inverse Folding,HCDR3,GFTFDDYA,INWSSGGI,ARDIGASGLYYFVFDL,596,2,4,0.5,FALSE,0.44976902,0.321373552,2.617080688,1.871082293,0.842605472,0.349594891,0.636600316,2.698993921,1.942718001,0.886414587,0.681541085,0.807977736,1.914865732,1.453508498,0.783763826,0.90701133,2.58690691,3.539331436,2.853440509,1.533922315,0.596979082,0.349594891,0.90701133,1.088214628,0.321373552,2.58690691,2.692567945,1.914865732,3.539331436,2.030187325,1.453508498,2.853440509,1.01167655,0.783763826,1.533922315
IL17A,Afasevikumab,Inverse Folding,HCDR3,GFTFDDYA,INWSSGGI,ARDIGGDGLYYFVFDL,180,4,4,1,TRUE,0.533059359,0.370014012,1.498688579,1.108286691,0.706852615,0.576735914,0.513534486,2.04153347,1.494327591,0.813770175,0.631330013,0.294069678,2.018640757,1.469257939,0.803069651,0.758009911,2.570307016,3.39324832,2.748150537,1.483549237,0.624783799,0.533059359,0.758009911,0.936981298,0.294069678,2.570307016,2.238027781,1.498688579,3.39324832,1.70500569,1.108286691,2.748150537,0.95181042,0.706852615,1.483549237
IL17A,Afasevikumab,Inverse Folding,HCDR3,GFTFDDYA,INWSSGGI,ARDVGSSGLYYFVFDV,,0,4,0,FALSE,0.447337925,0.388582617,3.184033394,2.270861344,1.056715131,0.47736156,0.539085507,2.189660311,1.589631388,0.851041973,0.700391114,0.486596078,2.430551052,1.770768215,0.922100842,1.085109472,2.587263584,3.698259115,2.967559451,1.594653249,0.677550018,0.447337925,1.085109472,1.000381947,0.388582617,2.587263584,2.875625968,2.189660311,3.698259115,2.1497051,1.589631388,2.967559451,1.106127799,0.851041973,1.594653249
IL17A,Afasevikumab,Inverse Folding,HCDR3,GFTFDDYA,INWSSGGI,ARDLGSSGLYYFVFDL,,0,2,0,FALSE,0.443610728,0.410964727,1.610370517,1.178162647,0.739886999,0.489103407,0.740546882,2.256297827,1.656003592,0.843739986,0.575143993,0.389528036,1.441046476,1.076539897,0.710306823,0.938144803,2.600311518,3.003893137,2.534190384,1.434731722,0.611500733,0.443610728,0.938144803,1.035337791,0.389528036,2.600311518,2.077901989,1.441046476,3.003893137,1.61122413,1.076539897,2.534190384,0.932166383,0.710306823,1.434731722
IL17A,Afasevikumab,Inverse Folding,HCDR3,GFTFDDYA,INWSSGGI,ARDIGADGLYYFVFDL,281,2,2,1,TRUE,1.061058164,0.799906492,3.021278381,2.237294177,1.129120469,0.443813443,0.426136971,2.470572948,1.773839372,0.904177725,0.779215157,0.58020401,2.063920498,1.538127807,0.843042374,0.94397366,2.607160807,3.568297148,2.878969556,1.544234753,0.807015106,0.443813443,1.061058164,1.10335207,0.426136971,2.607160807,2.781017244,2.063920498,3.568297148,2.107057728,1.538127807,2.878969556,1.10514383,0.843042374,1.544234753
IL17A,Afasevikumab,Inverse Folding,HCDR3,GFTFDDYA,INWSSGGI,ARDLGSSGLYYYAFDL,,0,2,0,FALSE,0.553653777,0.427120656,2.658527374,1.912099642,0.937707007,0.396788806,0.569219649,2.556180477,1.840487003,0.904618025,0.71492368,0.553650618,1.502531886,1.154648108,0.722455204,1.067044258,2.623698235,3.216552019,2.67930913,1.491387486,0.68310263,0.396788806,1.067044258,1.043422289,0.427120656,2.623698235,2.483447939,1.502531886,3.216552019,1.896635971,1.154648108,2.67930913,1.01404193,0.722455204,1.491387486
IL17A,Afasevikumab,Inverse Folding,HCDR3,GFTFDDYA,INWSSGGI,ARDIGSDGIYYFVFDL,,0,4,0,FALSE,0.471314341,0.292643756,2.425011396,1.737033255,0.820558965,0.457951427,0.497448832,2.55556941,1.83841269,0.900625408,0.542285264,0.673573077,2.559252739,1.860599578,0.890243292,0.950808287,2.606042147,3.48433423,2.827395539,1.52812016,0.605589829,0.457951427,0.950808287,1.017426953,0.292643756,2.606042147,2.756041944,2.425011396,3.48433423,2.065860265,1.737033255,2.827395539,1.034886956,0.820558965,1.52812016
IL17A,Afasevikumab,Inverse Folding,HCDR3,GFTFDDYA,INWSSGGI,ARDIGADGLYYFAFDL,164,4,4,1,TRUE,0.443166673,0.428063154,2.495794773,1.791481082,0.78191179,0.67440331,0.55313611,2.771847248,2.007925155,1.052151322,0.64656961,0.606460273,2.574148655,1.873387902,0.896333456,1.037487626,2.68776989,3.293386221,2.738305733,1.506872892,0.700406805,0.443166673,1.037487626,1.068857357,0.428063154,2.68776989,2.783794224,2.495794773,3.293386221,2.102774968,1.791481082,2.738305733,1.059317365,0.78191179,1.506872892
IL17A,Afasevikumab,Inverse Folding,HCDR123,GFTFSNYA,ISSDSGNI,ARDLGSSGLYYFVFDL,,0,2,0,FALSE,0.702165127,0.463817388,3.305348635,2.374806394,1.084123969,0.404788703,0.569700241,2.12345171,1.541631164,0.809742987,0.560994983,0.618638396,1.919245601,1.419897548,0.784021616,0.927993596,2.57549119,2.67765379,2.336342581,1.368774891,0.648985602,0.404788703,0.927993596,1.056911804,0.463817388,2.57549119,2.506424934,1.919245601,3.305348635,1.918169422,1.419897548,2.374806394,1.011665866,0.784021616,1.368774891
IL17A,Afasevikumab,Inverse Folding,HCDR123,GFTFSDYA,ISSDSSNI,ARDIGSDGLYYFAFDL,,0,2,0,FALSE,0.652581275,0.506305993,2.439404726,1.773668438,0.908847094,0.891051948,0.683516741,1.909769297,1.462498397,0.914672136,0.795312822,0.610975027,3.096265793,2.24608196,1.043642879,0.91595602,0.767495275,2.900986671,2.136555157,1.336390138,0.813725516,0.652581275,0.91595602,0.642073259,0.506305993,0.767495275,2.586606622,1.909769297,3.096265793,1.904700988,1.462498397,2.24608196,1.050888062,0.908847094,1.336390138
IL17A,Afasevikumab,Inverse Folding,HCDR123,GFTFSNYA,ISSDSGNI,ARDVGGSGLYYFVFDL,,0,8,0,FALSE,0.534752786,0.438556641,1.354239583,1.018113717,0.71050781,0.580178678,0.573394895,2.452261925,1.781331391,0.886511385,0.721313715,0.933149755,2.999830484,2.20164869,1.048616648,0.707151651,2.528879166,2.845753908,2.402702848,1.358922243,0.635849208,0.534752786,0.721313715,1.118495114,0.438556641,2.528879166,2.413021475,1.354239583,2.999830484,1.850949162,1.018113717,2.402702848,1.001139522,0.71050781,1.358922243
IL17A,Afasevikumab,Inverse Folding,HCDR123,GFTFSDYA,ISSDSSNI,ARDVGSSGLYYFAFDL,,0,12,0,FALSE,0.704781294,0.50594312,2.967912197,2.142994443,1.023903847,0.691042721,0.596230984,2.750393867,1.997646383,1.019104481,0.54903096,0.907883167,3.012169838,2.194995507,1.01760602,0.897006094,0.739581585,3.033693552,2.222509504,1.35666883,0.710465267,0.54903096,0.897006094,0.687409714,0.50594312,0.907883167,2.941042364,2.750393867,3.033693552,2.139536459,1.997646383,2.222509504,1.104320794,1.01760602,1.35666883
IL17A,Afasevikumab,Inverse Folding,HCDR123,GFTFSNYA,ISSDSGNI,ARDVGSDGLYYFVFDL,,0,4,0,FALSE,0.682142258,0.475958884,2.62997961,1.90561279,0.943734407,0.626739502,0.6698789,1.977216244,1.471420087,0.84341681,0.537196279,0.83826983,1.885808945,1.423361066,0.784562826,1.022440076,2.552097321,3.625656843,2.909010121,1.558748364,0.717129529,0.537196279,1.022440076,1.134051234,0.475958884,2.552097321,2.529665411,1.885808945,3.625656843,1.927351016,1.423361066,2.909010121,1.032615602,0.784562826,1.558748364
IL17A,Afasevikumab,Inverse Folding,HCDR123,GFTFSNYA,ISSDSGNI,ARDLGSDGLYYFAFDL,,0,2,0,FALSE,0.609298289,0.606693804,2.256356001,1.652392703,0.878641307,0.774641871,0.618468106,2.338899612,1.726519303,0.909018457,0.901568472,0.702345371,1.728843689,1.349436524,0.813873589,1.083522439,2.642926931,2.819057941,2.452206098,1.428657055,0.842257768,0.609298289,1.083522439,1.142608553,0.606693804,2.642926931,2.285789311,1.728843689,2.819057941,1.795138657,1.349436524,2.452206098,1.007547602,0.813873589,1.428657055
IL17A,Afasevikumab,Inverse Folding,HCDR123,GFTFSDYA,ISSDSSNI,ARDIGSSGLYYFVFDL,,0,2,0,FALSE,0.752356231,0.526506484,3.633254766,2.609805039,1.157243252,0.514608979,0.516756117,2.458647966,1.776355745,0.913244665,0.631082475,0.644210339,2.842978239,2.060238007,0.94437778,0.604546726,0.629508555,2.372462034,1.73341498,1.165786028,0.625648603,0.514608979,0.752356231,0.579245374,0.516756117,0.644210339,2.826835752,2.372462034,3.633254766,2.044953443,1.73341498,2.609805039,1.045162931,0.913244665,1.165786028
IL17A,Afasevikumab,Inverse Folding,HCDR123,GFTFSNYA,ISSDSSNI,ARDLGSSGLYYFVFDL,,0,4,0,FALSE,0.758484542,0.524077058,3.343014717,2.408394193,1.095122933,0.529352784,0.58460474,2.07201004,1.517269611,0.827302933,0.608321965,1.025375843,1.883345008,1.45906032,0.823627651,0.670270205,0.619128048,2.199860334,1.621060815,1.140890479,0.641607374,0.529352784,0.758484542,0.688296422,0.524077058,1.025375843,2.374557525,1.883345008,3.343014717,1.751446235,1.45906032,2.408394193,0.971735999,0.823627651,1.140890479
IL17A,Afasevikumab,Inverse Folding,HCDR123,GFTFSNYA,ISSDSSNI,ARDLGSEGLYYFVFDL,,0,12,0,FALSE,0.742761493,0.499520212,2.823081017,2.045775399,0.990413904,0.546959579,0.584028363,2.195619106,1.603257655,0.860766411,0.60861361,0.63276726,2.281270504,1.671765172,0.881192923,0.894728482,0.687258899,3.089053154,2.255956705,1.357449174,0.698265791,0.546959579,0.894728482,0.600893684,0.499520212,0.687258899,2.597255945,2.195619106,3.089053154,1.894188733,1.603257655,2.255956705,1.022455603,0.860766411,1.357449174
IL17A,Afasevikumab,Inverse Folding,HCDR123,GFTFSNYA,ISSDSSNI,ARDVGGEGLYYFVFDL,,0,2,0,FALSE,0.607986271,0.447076261,1.953331828,1.431828809,0.815701187,0.670681417,0.57600522,2.218538761,1.629833124,0.915348768,0.797117293,0.81331861,3.244105577,2.363542105,1.117710948,0.631441236,0.582192183,3.125319242,2.251272224,1.324959397,0.676806554,0.607986271,0.797117293,0.604648069,0.447076261,0.81331861,2.635323852,1.953331828,3.244105577,1.919119066,1.431828809,2.363542105,1.043430075,0.815701187,1.324959397
IL17A,Afasevikumab,Inverse Folding,HCDR123,GFTFSNYA,ISSDSSNI,ARDVGSSGLYYFAFDL,,0,2,0,FALSE,0.701485515,0.509828269,2.991813898,2.159508485,1.02845943,0.617473662,0.678083241,2.799200773,2.031755432,1.063199401,0.584108829,0.906943202,3.778500319,2.725704423,1.204014659,0.90635252,0.738010228,3.084340334,2.25789972,1.367008567,0.702355132,0.584108829,0.90635252,0.708216235,0.509828269,0.906943202,3.163463831,2.799200773,3.778500319,2.293717015,2.031755432,2.725704423,1.165670514,1.02845943,1.367008567
IL17A,Afasevikumab,Inverse Folding,HCDR123,GFTFSDYA,ISSDSSNI,ARDLGSDGLYYFVFDL,,0,2,0,FALSE,0.956636727,0.622875392,2.443945169,1.81994942,1.115633249,0.539543092,0.534610927,1.968539119,1.442845116,0.816910386,0.57354331,0.642267168,2.069480181,1.52536516,0.812235594,0.796622097,0.656074524,2.395297289,1.770588797,1.210570931,0.716586307,0.539543092,0.956636727,0.613957003,0.534610927,0.656074524,2.219315439,1.968539119,2.443945169,1.639687123,1.442845116,1.81994942,0.98883754,0.812235594,1.210570931
IL17A,Afasevikumab,Inverse Folding,HCDR123,GFTFSNYA,ISSDSGNI,ARDIGSDGLYYFVFDL,,0,2,0,FALSE,0.711009741,0.47587958,2.926266909,2.112940621,0.996836722,0.530359745,0.590463996,1.924996018,1.417845948,0.814304948,0.729116976,0.862026691,2.468658924,1.834615447,0.90525651,0.903023124,2.536132574,3.197467327,2.631302615,1.45941937,0.718377396,0.530359745,0.903023124,1.11612571,0.47587958,2.536132574,2.629347295,1.924996018,3.197467327,1.999176158,1.417845948,2.631302615,1.043954387,0.814304948,1.45941937
IL17A,Afasevikumab,Inverse Folding,HCDR123,GFTFSNYA,ISSDSSNI,ARDVGGSGLYYFAFDL,,0,6,0,FALSE,0.711633444,0.482681453,4.005890369,2.865035726,1.192874908,0.617535233,0.517148793,2.325777531,1.693168249,0.913657427,0.614974141,0.831092656,3.808282375,2.742031067,1.18540132,0.83433044,0.701556504,3.085394144,2.24875537,1.350849867,0.694618315,0.614974141,0.83433044,0.633119851,0.482681453,0.831092656,3.306336105,2.325777531,4.005890369,2.387247603,1.693168249,2.865035726,1.160695881,0.913657427,1.350849867
IL17A,Afasevikumab,Inverse Folding,HCDR123,GFTFSDYA,ISSDSSNI,ARDVGGDGLYYFVFDL,,0,2,0,FALSE,0.491467983,0.456213683,2.955977678,2.116912833,0.90825659,0.586467862,0.471241623,2.009713173,1.47002613,0.78652209,0.829590201,0.7697348,2.33689332,1.746629064,0.905009449,0.560946465,0.613174915,2.543471098,1.84588291,1.187559247,0.617118128,0.491467983,0.829590201,0.577591255,0.456213683,0.7697348,2.461513817,2.009713173,2.955977678,1.794862734,1.47002613,2.116912833,0.946836844,0.78652209,1.187559247
IL17A,Afasevikumab,Inverse Folding,HCDR123,GFTFSNYA,ISSDSGNI,ARDLGSEGLYYFVFDL,,0,2,0,FALSE,0.670975745,0.459995866,2.770498276,2.000820209,0.978275001,0.417209774,0.617496669,2.292572975,1.663366152,0.830527127,0.675807416,0.663791776,2.051310062,1.525867059,0.819405019,1.02826345,2.568479776,2.997088671,2.530785208,1.445710778,0.698064096,0.417209774,1.02826345,1.077441022,0.459995866,2.568479776,2.527867496,2.051310062,2.997088671,1.930209657,1.525867059,2.530785208,1.018479481,0.819405019,1.445710778
IL17A,Afasevikumab,Inverse Folding,HCDR123,GFTFSNYA,ISSDSGNI,ARDLGSDGLYYFVFDL,,0,4,0,FALSE,0.697574675,0.49461475,2.559940338,1.859962583,0.926439583,0.535767972,0.680725396,2.236591339,1.639749678,0.849029481,0.683868349,0.528078914,1.893235803,1.406700649,0.783699632,0.903286576,2.545718193,2.346824646,2.139613259,1.296247482,0.705124393,0.535767972,0.903286576,1.062284313,0.49461475,2.545718193,2.259148031,1.893235803,2.559940338,1.761506542,1.406700649,2.139613259,0.963854045,0.783699632,1.296247482
IL17A,Afasevikumab,Inverse Folding,HCDR123,GFTFSNYA,ISSDSSNI,ARDVGSSGLYYFVFDL,,0,4,0,FALSE,0.739220738,0.529109061,3.427976131,2.466193647,1.117158175,0.441598237,0.578408122,2.106805325,1.533527169,0.846996427,0.635919392,0.721474886,3.331770897,2.404491324,1.083233714,0.606425464,0.591980815,2.411859274,1.757293618,1.185067534,0.605790958,0.441598237,0.739220738,0.605243221,0.529109061,0.721474886,2.819602907,2.106805325,3.427976131,2.040376439,1.533527169,2.466193647,1.058113962,0.846996427,1.185067534
IL17A,Afasevikumab,Inverse Folding,HCDR123,GFTFSDYA,ISSDSSNI,ARDLGGSGLYYFVFDL,,0,2,0,FALSE,0.508316934,0.391783178,1.274151921,0.956400335,0.694082737,0.460530579,0.736030877,2.135731697,1.571347322,0.783894539,0.584695995,0.594322741,2.714084625,1.963899159,0.969696283,0.624902606,0.585534215,2.199850798,1.613384691,1.128021717,0.544611529,0.460530579,0.624902606,0.576917753,0.391783178,0.736030877,2.08095476,1.274151921,2.714084625,1.526257877,0.956400335,1.963899159,0.893923819,0.694082737,1.128021717
IL17A,Afasevikumab,Inverse Folding,HCDR123,GFTFSNYA,ISSDSSNI,ARDVGSEGLYYFVFDL,,0,4,0,FALSE,0.705250859,0.482623219,2.653389931,1.924270004,0.95501405,0.464969903,0.524915516,2.903145313,2.082560847,1.02252984,0.709007382,0.689977407,2.597751617,1.902326682,0.927389085,0.755008399,0.618319333,3.676847935,2.645315574,1.470997572,0.658559136,0.464969903,0.755008399,0.578958869,0.482623219,0.689977407,2.957783699,2.597751617,3.676847935,2.138618277,1.902326682,2.645315574,1.093982637,0.927389085,1.470997572
IL17A,Afasevikumab,Inverse Folding,HCDR123,GFTFSNYA,ISSDSSNI,ARDVGSDGLYYYVFDL,,0,2,0,FALSE,0.712479055,0.485811234,2.792194366,2.020911782,0.977981687,0.843041003,0.515615106,2.18374157,1.621267371,0.875265777,0.689346552,0.972000539,2.770567417,2.047685971,1.000868201,0.923092008,0.708395958,3.807422638,2.754399117,1.523523211,0.791989654,0.689346552,0.923092008,0.670455709,0.485811234,0.972000539,2.888481498,2.18374157,3.807422638,2.11106606,1.621267371,2.754399117,1.094409719,0.875265777,1.523523211
IL17A,Afasevikumab,Inverse Folding,HCDR123,GFTFSNYA,ISSDSSNI,ARDLGSRGLYYFVFDL,,0,6,0,FALSE,0.719537139,0.419047385,2.204985619,1.613788831,1.013566375,0.342832834,0.610707879,2.151957273,1.561436733,0.808781266,0.703097463,0.632000625,2.118164063,1.570589764,0.845251858,0.658868968,0.608003855,2.19102478,1.612835715,1.141291022,0.606084101,0.342832834,0.719537139,0.567439936,0.419047385,0.632000625,2.166532934,2.118164063,2.204985619,1.589662761,1.561436733,1.613788831,0.95222263,0.808781266,1.141291022
IL17A,Afasevikumab,Inverse Folding,HCDR123,GFTFSDYA,ISSDSGNI,ARDLGSDGLYYFAFDL,,0,2,0,FALSE,0.634745419,0.643563151,2.248016834,1.652591499,0.879376054,0.62243247,0.617114365,1.841379642,1.373827709,0.812951863,0.594195545,0.846659899,2.639386415,1.936660956,0.917569458,1.055714965,2.654336929,2.832499027,2.459986794,1.424100995,0.7267721,0.594195545,1.055714965,1.190418586,0.617114365,2.654336929,2.39032048,1.841379642,2.832499027,1.855766739,1.373827709,2.459986794,1.008499593,0.812951863,1.424100995
IL17A,Afasevikumab,Inverse Folding,HCDR123,GFTFSNYA,ISSDSGNI,ARDVGSSGLYYFVFDL,,0,4,0,FALSE,0.7000646,0.475953728,3.383476257,2.429631946,1.106213689,0.514062285,0.492638677,3.179050446,2.275943561,1.082222581,0.645282269,0.737491071,2.312507629,1.707019724,0.912263513,0.844204307,2.523933411,3.312193394,2.693704277,1.482653975,0.675903365,0.514062285,0.844204307,1.057504222,0.475953728,2.523933411,3.046806931,2.312507629,3.383476257,2.276574877,1.707019724,2.693704277,1.145838439,0.912263513,1.482653975
IL17A,Afasevikumab,Inverse Folding,HCDR123,GFTFSNYA,ISSDSGNI,ARDIGGSGLYYFVFDL,,0,4,0,FALSE,0.539878309,0.449004382,1.357989788,1.022416996,0.713120878,0.44565928,0.615137756,1.852364898,1.363773999,0.755507886,0.794169128,0.942146301,2.885318518,2.131224422,1.011956096,0.657232702,2.54155302,2.681917191,2.306339427,1.317999721,0.609234855,0.44565928,0.794169128,1.136960365,0.449004382,2.54155302,2.194397599,1.357989788,2.885318518,1.705938711,1.022416996,2.306339427,0.949646145,0.713120878,1.317999721
IL17A,Afasevikumab,Inverse Folding,HCDR123,GFTFSNYA,ISSDSGNI,ARDVGSSGLYYFAFDL,,0,2,0,FALSE,0.663715005,0.551117301,2.930746794,2.116766486,1.011115909,0.932346106,0.593072772,2.626405954,1.937590066,1.025367856,0.681201696,0.729139686,3.193999529,2.312949762,1.0841887,1.040420294,2.630821943,3.219239235,2.680051352,1.486070156,0.829420775,0.663715005,1.040420294,1.126037925,0.551117301,2.630821943,2.992597878,2.626405954,3.219239235,2.261839416,1.937590066,2.680051352,1.151685655,1.011115909,1.486070156
IL17A,Afasevikumab,Inverse Folding,HCDR123,GFTFSNYA,ISSDSGNI,ARDLGGDGLYYFVFDL,,0,4,0,FALSE,0.669030786,0.556658924,1.808184862,1.350605081,0.789192855,0.598813057,0.692552209,2.198247433,1.620400351,0.870020986,0.573711753,0.637305856,2.087517023,1.537104305,0.808537185,1.043421268,2.583516359,2.872086048,2.462774922,1.420397758,0.721244216,0.573711753,1.043421268,1.117508337,0.556658924,2.583516359,2.241508842,1.808184862,2.872086048,1.742721165,1.350605081,2.462774922,0.972037196,0.789192855,1.420397758
IL17A,Afasevikumab,Inverse Folding,HCDR123,GFTFSDYA,ISSDSGNI,ARDVGSSGLYYFAFDL,,0,4,0,FALSE,0.679219604,0.531751752,2.932321548,2.117847877,1.014476418,0.541359305,0.646854639,2.70806241,1.960783954,1.006317496,0.767953455,0.640831232,3.153561115,2.285296075,1.059933066,1.017499804,2.649838686,3.185159445,2.662115338,1.4790802,0.751508042,0.541359305,1.017499804,1.117319077,0.531751752,2.649838686,2.99477613,2.70806241,3.185159445,2.256510811,1.960783954,2.662115338,1.139951795,1.006317496,1.4790802
IL17A,Afasevikumab,Inverse Folding,HCDR123,GFTFSNYA,ISSDSGNI,ARDIGSSGLYYFAFDL,,0,2,0,FALSE,0.63983196,0.58689779,2.844550133,2.057715048,0.991180778,0.767436922,0.730136156,2.612752676,1.921913846,0.978502035,0.784235179,0.668184102,3.032857895,2.205558253,1.037840366,1.027556777,2.650036097,3.141039371,2.636798291,1.468330741,0.80476521,0.63983196,1.027556777,1.158813536,0.58689779,2.650036097,2.907800019,2.612752676,3.141039371,2.205496359,1.921913846,2.636798291,1.11896348,0.978502035,1.468330741
IL17A,Afasevikumab,Inverse Folding,HCDR123,GFTFSDYA,ISSDSSNI,ARDLGGDGLYYFVFDL,,0,4,0,FALSE,0.564623296,0.414737225,1.513720989,1.126222547,0.74418211,0.537698269,0.796046555,1.948876262,1.459370319,0.804104984,0.612926126,0.544509351,2.002154827,1.473890835,0.811872005,0.601955712,0.53607446,2.331073999,1.696874958,1.143296957,0.579300851,0.537698269,0.612926126,0.572841898,0.414737225,0.796046555,1.948956519,1.513720989,2.331073999,1.439089665,1.126222547,1.696874958,0.875864014,0.74418211,1.143296957
IL17A,Afasevikumab,Inverse Folding,HCDR123,GFTFSNYA,ISSDSGNI,ARDVGSEGLYYFAFDL,,0,4,0,FALSE,0.593069673,0.602212429,2.776916504,2.008539394,0.992181242,0.517567754,0.542678893,2.854860783,2.053219237,1.013452649,0.703917682,0.838629663,2.878064156,2.107445514,1.002160907,1.07268095,2.618038654,3.422870398,2.803428898,1.525727749,0.721809015,0.517567754,1.07268095,1.15038991,0.542678893,2.618038654,2.98317796,2.776916504,3.422870398,2.243158261,2.008539394,2.803428898,1.133380637,0.992181242,1.525727749
IL17A,Afasevikumab,Inverse Folding,HCDR123,GFTFSDYA,ISSDSGNI,ARDVGSEGLYYFVFDL,,0,2,0,FALSE,0.618064642,0.493107766,2.640192032,1.908296826,0.946677625,0.686425686,0.587723792,2.273313284,1.669768401,0.938659072,0.833599865,0.885909021,2.216612577,1.681254455,0.897637308,0.885183334,2.523296595,3.909362555,3.070700507,1.601179481,0.755818382,0.618064642,0.885183334,1.122509293,0.493107766,2.523296595,2.759870112,2.216612577,3.909362555,2.082505047,1.669768401,3.070700507,1.096038371,0.897637308,1.601179481
IL17A,Afasevikumab,Inverse Folding,HCDR123,GFTFSNYA,ISSDSGNI,ARDIGSEGLYYFVFDL,,0,2,0,FALSE,0.633821666,0.467977911,2.864895582,2.063733669,0.985356569,0.543413401,0.484178483,2.546312332,1.836922693,0.936443388,0.691252828,0.941051185,2.383472443,1.783626192,0.903538465,0.876691222,2.512749434,3.581731081,2.860947932,1.531850696,0.686294779,0.543413401,0.876691222,1.101489253,0.467977911,2.512749434,2.844102859,2.383472443,3.581731081,2.136307622,1.783626192,2.860947932,1.08929728,0.903538465,1.531850696
IL17A,Afasevikumab,Inverse Folding,HCDR123,GFTFSNYA,ISSDSGNI,ARDVGGEGLYYFVFDL,,0,2,0,FALSE,0.627225041,0.557589233,1.894338965,1.403687753,0.808256269,0.4585042,0.490490884,2.310106993,1.667632757,0.851880431,0.889100552,0.838472307,3.211014032,2.351316537,1.066717863,0.890334308,2.522073269,3.68519187,2.92894294,1.557533622,0.716291025,0.4585042,0.890334308,1.102156423,0.490490884,2.522073269,2.775162965,1.894338965,3.68519187,2.087894997,1.403687753,2.92894294,1.071097046,0.808256269,1.557533622
IL17A,Afasevikumab,Inverse Folding,HCDR123,GFTFSNYA,ISSDSSNI,ARDIGGEGLYYFVFDL,,0,4,0,FALSE,0.551493764,0.417907208,1.389862418,1.041900534,0.713598669,0.480547369,0.566440403,1.985789657,1.452454958,0.816950977,0.626280427,0.732293189,2.440562487,1.791728983,0.887738347,0.574659705,0.606884539,2.709162235,1.96071815,1.22729969,0.558245316,0.480547369,0.626280427,0.580881335,0.417907208,0.732293189,2.131344199,1.389862418,2.709162235,1.561700656,1.041900534,1.96071815,0.911396921,0.713598669,1.22729969
IL17A,Afasevikumab,Inverse Folding,HCDR123,GFTFSNYA,ISSDSSNI,ARDVGSRGLYYFVFDL,,0,4,0,FALSE,0.68255353,0.485980213,2.684211254,1.943710125,0.958065093,0.52313894,0.423488975,2.486317635,1.790011733,0.908448219,0.647400022,0.968398869,2.537557364,1.886486013,0.936368048,0.580523908,0.583808064,2.454264402,1.783582587,1.190135717,0.6084041,0.52313894,0.68255353,0.61541903,0.423488975,0.968398869,2.540587664,2.454264402,2.684211254,1.850947615,1.783582587,1.943710125,0.998254269,0.908448219,1.190135717
IL17A,Afasevikumab,Inverse Folding,HCDR123,GFTFSNYA,ISSDSGNI,ARDLGGSGLYYFVFDL,,0,2,0,FALSE,0.643386543,0.509322703,1.974737525,1.455380744,0.810871005,0.412123084,0.772438169,1.771372318,1.326840791,0.84075278,0.558215559,0.651341856,2.000768423,1.478343616,0.810520351,0.747151911,2.532124281,2.225727081,2.054118511,1.255466223,0.590219274,0.412123084,0.747151911,1.116306752,0.509322703,2.532124281,1.993151337,1.771372318,2.225727081,1.578670916,1.326840791,2.054118511,0.92940259,0.810520351,1.255466223
IL17A,Afasevikumab,Inverse Folding,HCDR123,GFTFSDYA,ISSDSGNI,ARDVGSSGLYYFVFDL,,0,2,0,FALSE,0.704288363,0.457364708,3.343191862,2.400992932,1.097516894,0.783458889,0.685393214,2.757918596,2.018402936,1.062697768,0.716793239,1.170771837,3.257338047,2.403383113,1.093023062,0.796806693,2.542097807,3.168118477,2.606295817,1.444467783,0.750336796,0.704288363,0.796806693,1.213906892,0.457364708,2.542097807,3.131641746,2.757918596,3.343191862,2.357268699,2.018402936,2.606295817,1.174426377,1.062697768,1.444467783
IL17A,Afasevikumab,Inverse Folding,HCDR123,GFTFSNYA,ISSDSGNI,ARDVGSEGLYYFVFDL,,0,6,0,FALSE,0.613774657,0.497104138,2.71547699,1.960322832,0.961043417,0.492929518,0.581261694,2.606993675,1.882397189,0.922795177,0.672342896,0.91708225,2.389029503,1.782414707,0.856663287,0.937109768,2.516155005,3.882791758,3.056196754,1.603076935,0.67903921,0.492929518,0.937109768,1.127900772,0.497104138,2.516155005,2.898572981,2.389029503,3.882791758,2.17033287,1.782414707,3.056196754,1.085894704,0.856663287,1.603076935
IL17A,Afasevikumab,Inverse Folding,HCDR123,GFTFSDYA,ISSDSSNI,ARDLGSEGLYYFVFDL,,0,4,0,FALSE,0.730949521,0.456245065,2.928823471,2.115328616,1.007568479,0.697136402,0.81784004,2.174549818,1.628818231,0.862341583,0.793004096,0.770896196,1.914200902,1.46214454,0.787556469,0.713952541,0.614394546,2.335228682,1.717104749,1.179737687,0.73376064,0.697136402,0.793004096,0.664843962,0.456245065,0.81784004,2.338200718,1.914200902,2.928823471,1.730849034,1.46214454,2.115328616,0.959301054,0.787556469,1.179737687
IL17A,Afasevikumab,Inverse Folding,HCDR123,GFTFSNYA,ISSDSSNI,ARDIGSDGLYYFAFDL,,0,4,0,FALSE,0.653797388,0.520863712,2.442760229,1.777139915,0.910821915,0.742832303,0.641414464,2.132542849,1.585771921,0.866984844,0.74920994,0.983322501,2.683950663,1.995959731,0.964587092,0.938508987,0.778553843,2.888827085,2.131759195,1.338674426,0.771087155,0.653797388,0.938508987,0.73103863,0.520863712,0.983322501,2.537020206,2.132542849,2.888827085,1.872657691,1.585771921,2.131759195,1.020267069,0.866984844,1.338674426
IL17A,Afasevikumab,Inverse Folding,HCDR123,GFTFSDYA,ISSDSGNI,ARDIGSSGLYYFAFDL,,0,6,0,FALSE,0.625607312,0.563934088,2.792861462,2.019254593,0.980250657,0.525643468,0.628344476,3.08285594,2.218057671,1.063844323,0.673202574,0.692562044,2.6887815,1.961627883,0.969905674,1.00876236,2.666772127,3.093760729,2.611129352,1.459506273,0.708303928,0.525643468,1.00876236,1.137903184,0.563934088,2.666772127,2.914564908,2.6887815,3.093760729,2.202517375,1.961627883,2.611129352,1.118376732,0.969905674,1.459506273
IL17A,Afasevikumab,Inverse Folding,HCDR123,GFTFSDYA,ISSDSSNI,ARDIGSEGLYYFVFDL,,0,4,0,FALSE,0.754261136,0.485762835,2.825102568,2.047393735,0.990735948,0.594876468,0.56340313,2.374471188,1.728259814,0.903161049,0.647056878,0.950833917,2.796877623,2.059600484,1.006663203,0.575616777,0.61498183,2.490430117,1.810664357,1.189694047,0.642952815,0.575616777,0.754261136,0.653745428,0.485762835,0.950833917,2.621720374,2.374471188,2.825102568,1.911479598,1.728259814,2.059600484,1.022563562,0.903161049,1.189694047
IL17A,Afasevikumab,Inverse Folding,HCDR123,GFTFSDYA,ISSDSSNI,ARDVGSEGLYYFAFDL,,0,4,0,FALSE,0.632927358,0.500778496,2.819102049,2.033841738,0.998154104,0.528764784,0.537541091,2.605469942,1.880524519,0.958952665,0.706098735,0.930293024,3.246039629,2.368415456,1.092760086,0.885779798,0.718666673,3.497158766,2.537780847,1.442672014,0.688392669,0.528764784,0.885779798,0.671819821,0.500778496,0.930293024,3.041942596,2.605469942,3.497158766,2.20514064,1.880524519,2.537780847,1.123134717,0.958952665,1.442672014
IL17A,Afasevikumab,Inverse Folding,HCDR123,GFTFSNYA,ISSDSGNI,ARDVGSRGLYYFVFDL,,0,6,0,FALSE,0.643147647,0.456224144,2.564175606,1.855516939,0.928037941,0.71117866,0.638660848,2.424904108,1.78002687,0.929002464,0.787186205,1.03550601,2.828571081,2.103185889,1.008067608,0.792135,2.512174129,3.228469849,2.635551737,1.454810619,0.733411878,0.643147647,0.792135,1.160641283,0.456224144,2.512174129,2.761530161,2.424904108,3.228469849,2.093570359,1.78002687,2.635551737,1.079979658,0.928037941,1.454810619
IL17A,Afasevikumab,Inverse Folding,HCDR123,GFTFSDYA,ISSDSGNI,ARDVGSDGLYYFAFDL,,0,10,0,FALSE,0.61868614,0.615700662,2.349066257,1.717416986,0.898731351,0.760460079,0.741868138,2.343204021,1.739962502,0.976904809,0.82609576,0.876965225,2.085700035,1.593093805,0.875653625,1.043038368,2.634200096,3.223073721,2.683437516,1.486442208,0.812070087,0.61868614,1.043038368,1.21718353,0.615700662,2.634200096,2.500261009,2.085700035,3.223073721,1.933477702,1.593093805,2.683437516,1.059432998,0.875653625,1.486442208
IL17A,Afasevikumab,Inverse Folding,HCDR123,GFTFSDYA,ISSDSGNI,ARDIGSSGLYYFVFDL,,0,10,0,FALSE,0.71502018,0.456083357,3.597050905,2.578605065,1.143329144,0.665094972,0.511430442,2.919782162,2.106784764,1.007437944,0.603297651,0.80570364,1.814375162,1.378136502,0.762933254,0.696296573,2.559175253,2.578351021,2.254439779,1.312727571,0.669927344,0.603297651,0.71502018,1.083098173,0.456083357,2.559175253,2.727389812,1.814375162,3.597050905,2.079491527,1.378136502,2.578605065,1.056606978,0.762933254,1.312727571
IL17A,Afasevikumab,Inverse Folding,HCDR123,GFTFSDYA,ISSDSSNI,ARDVGSSGLYYFVFDL,,0,2,0,FALSE,0.739250243,0.515102923,3.477126122,2.499631676,1.12737906,0.673865139,0.706475139,2.539511204,1.860875846,0.934246719,0.675579309,0.807542026,2.900260687,2.117283379,1.008116245,0.592829764,0.604137063,2.363457203,1.723969882,1.173414111,0.670381114,0.592829764,0.739250243,0.658314288,0.515102923,0.807542026,2.820088804,2.363457203,3.477126122,2.050440196,1.723969882,2.499631676,1.060789034,0.934246719,1.173414111
IL17A,Afasevikumab,Inverse Folding,HCDR123,GFTFSDYA,ISSDSGNI,ARDLGSDGLYYFVFDL,,0,4,0,FALSE,0.691572785,0.452065736,2.623734474,1.900697341,0.938267231,0.442322493,0.509241223,1.965909719,1.430435062,0.781849384,0.587589324,0.519603491,2.145712137,1.567115994,0.865311503,0.859370649,2.601534367,2.90467453,2.468844225,1.364338756,0.645213813,0.442322493,0.859370649,1.020611204,0.452065736,2.601534367,2.410007715,1.965909719,2.90467453,1.841773155,1.430435062,2.468844225,0.987441719,0.781849384,1.364338756
IL17A,Afasevikumab,Inverse Folding,HCDR123,GFTFSDYA,ISSDSGNI,ARDLGGDGLYYFVFDL,,0,2,0,FALSE,0.657642782,0.499173254,1.387980819,1.064735821,0.735242248,0.571440876,0.719946921,2.185802937,1.61247769,0.853227854,0.662729859,0.69521606,1.73130393,1.315043995,0.753233671,0.853614867,2.553081036,3.170985699,2.615204663,1.429394007,0.686357096,0.571440876,0.853614867,1.116854317,0.499173254,2.553081036,2.119018346,1.387980819,3.170985699,1.651865542,1.064735821,2.615204663,0.942774445,0.735242248,1.429394007
IL17A,Afasevikumab,Inverse Folding,HCDR123,GFTFSNYA,ISSDSGNI,ARDIGSDGLYYFAFDL,,0,4,0,FALSE,0.605844915,0.630641341,2.417883396,1.764729214,0.905500412,0.764861822,0.834926367,1.878392816,1.443852034,0.869291604,0.738877177,0.59976083,2.433624744,1.78540691,0.946928263,1.065659761,2.642783403,2.955954552,2.529588379,1.442427158,0.793810919,0.605844915,1.065659761,1.177027985,0.59976083,2.642783403,2.421463877,1.878392816,2.955954552,1.880894134,1.443852034,2.529588379,1.041036859,0.869291604,1.442427158
IL17A,Afasevikumab,Inverse Folding,HCDR123,GFTFSNYA,ISSDSSNI,ARDVGSDGLYYFAFDL,,0,10,0,FALSE,0.649130046,0.480393857,2.375899792,1.727856166,0.904262364,0.640886962,0.773905039,2.441527128,1.79803883,0.933209181,0.677814901,0.71632719,2.612115383,1.911730318,0.941088617,0.936637282,0.766582549,3.000217199,2.206102031,1.361043096,0.726117298,0.640886962,0.936637282,0.684302159,0.480393857,0.773905039,2.607439876,2.375899792,3.000217199,1.910931836,1.727856166,2.206102031,1.034900814,0.904262364,1.361043096
IL17A,Afasevikumab,Inverse Folding,HCDR123,GFTFSDYA,ISSDSSNI,ARDIGGDGLYYFVFDL,,0,6,0,FALSE,0.582110107,0.425335616,1.723885536,1.271153536,0.779375374,0.510183513,0.603734791,2.169774055,1.584347012,0.821397424,0.568329751,1.013770938,2.164950848,1.637433553,0.839397311,0.578524828,0.613304675,2.533303261,1.840250283,1.184762597,0.55978705,0.510183513,0.582110107,0.664036505,0.425335616,1.013770938,2.147978425,1.723885536,2.533303261,1.583296096,1.271153536,1.840250283,0.906233177,0.779375374,1.184762597
IL17A,Afasevikumab,Inverse Folding,HCDR123,GFTFSNYA,ISSDSSNI,ARDVGGDGLYYFAFDL,,0,2,0,FALSE,0.613202512,0.423236817,3.65510416,2.611260212,1.094520688,0.904527009,0.550658464,2.172903061,1.625146861,0.920560241,0.675609887,0.853231013,3.070673704,2.238443984,1.048458815,0.842704952,0.67994529,3.1199193,2.271578202,1.361163735,0.75901109,0.613202512,0.904527009,0.626767896,0.423236817,0.853231013,3.004650056,2.172903061,3.65510416,2.186607315,1.625146861,2.611260212,1.10617587,0.920560241,1.361163735
IL17A,Afasevikumab,Inverse Folding,HCDR123,GFTFSNYA,ISSDSSNI,ARDLGSEGLYYFAFDL,,0,6,0,FALSE,0.628993094,0.499293953,2.743537664,1.981093423,0.978874505,0.726323545,0.619915247,2.379014492,1.748660967,0.909879565,0.749055743,0.844576061,2.250285864,1.688339877,0.874904573,0.956722915,0.736252367,3.365736723,2.455287848,1.421913505,0.765273824,0.628993094,0.956722915,0.675009407,0.499293953,0.844576061,2.684643686,2.250285864,3.365736723,1.968345529,1.688339877,2.455287848,1.046393037,0.874904573,1.421913505
IL17A,Afasevikumab,Inverse Folding,HCDR123,GFTFSNYA,ISSDSSNI,ARDVGSYGLYYFVFDL,,0,2,0,FALSE,0.66607517,0.498464346,2.335188866,1.702816557,0.890907228,0.501940072,0.488446981,2.239974737,1.62215119,0.854822218,0.657305658,0.851959407,3.712764502,2.679884608,1.14519918,0.534164071,0.577117622,2.648333073,1.913487139,1.213525534,0.589871243,0.501940072,0.66607517,0.603997089,0.488446981,0.851959407,2.734065294,2.239974737,3.712764502,1.979584874,1.62215119,2.679884608,1.02611354,0.854822218,1.213525534
IL17A,Afasevikumab,Inverse Folding,HCDR123,GFTFSNYA,ISSDSSNI,ARDIGSEGLYYFVFDL,,0,12,0,FALSE,0.671134472,0.492827207,2.909640789,2.09912596,0.996257961,0.436619848,0.490244329,2.992532969,2.141347912,0.969779968,0.774322152,0.759171844,2.704832315,1.987973365,0.948066652,0.6561113,0.585799515,2.915986538,2.108293035,1.285776138,0.634546943,0.436619848,0.774322152,0.582010724,0.490244329,0.759171844,2.880748153,2.704832315,2.992532969,2.084185068,1.987973365,2.141347912,1.04997018,0.948066652,1.285776138
IL17A,Afasevikumab,Inverse Folding,HCDR123,GFTFSNYA,ISSDSGNI,ARDIGSSGLYYFVFDL,,0,4,0,FALSE,0.728903115,0.461000293,3.601178885,2.582673021,1.144851804,0.493376225,0.549175084,2.167247534,1.576303993,0.819010377,0.685143769,0.710635006,2.004727602,1.501023785,0.837979496,0.738606989,2.537231684,2.678771973,2.309476319,1.335959435,0.661507525,0.493376225,0.738606989,1.064510517,0.461000293,2.537231684,2.612981498,2.004727602,3.601178885,1.99236928,1.501023785,2.582673021,1.034450278,0.819010377,1.335959435
IL17A,Afasevikumab,Inverse Folding,HCDR123,GFTFSDYA,ISSDSSNI,ARDIGSDGLYYFVFDL,,0,6,0,FALSE,0.740348697,0.489478767,2.910418034,2.105277411,0.995019138,0.854568303,0.772148848,2.067536116,1.57129819,0.941755652,0.771883368,0.981300533,2.480257034,1.861592368,0.926673532,0.579942703,0.620761931,2.404022455,1.752164864,1.172380209,0.736685768,0.579942703,0.854568303,0.71592252,0.489478767,0.981300533,2.46555841,2.067536116,2.910418034,1.822583208,1.57129819,2.105277411,1.008957133,0.926673532,1.172380209
IL17A,Afasevikumab,Inverse Folding,HCDR123,GFTFSNYA,ISSDSSNI,ARDIGGDGLYYFVFDL,,0,6,0,FALSE,0.599232018,0.429143488,1.677337527,1.241990892,0.771715522,0.48450309,0.460199505,1.8131845,1.324934233,0.79804492,0.675706744,0.867279112,2.022123337,1.531887581,0.837431371,0.578826308,0.590153217,2.443323135,1.776441429,1.169207811,0.58456704,0.48450309,0.675706744,0.586693831,0.429143488,0.867279112,1.988992125,1.677337527,2.443323135,1.468813534,1.241990892,1.776441429,0.894099906,0.771715522,1.169207811
IL17A,Afasevikumab,Inverse Folding,HCDR123,GFTFSNYA,ISSDSSNI,ARDLGSSGLYYFAFDL,,0,2,0,FALSE,0.687437832,0.517827511,2.813678265,2.035576507,0.9883129,0.67692858,0.612833261,2.688290358,1.954968478,1.013402462,0.646398962,0.624219716,2.610378981,1.899713052,0.943804264,0.949193239,0.78625524,2.859514952,2.113812706,1.332184196,0.739989653,0.646398962,0.949193239,0.635283932,0.517827511,0.78625524,2.742965639,2.610378981,2.859514952,2.001017686,1.899713052,2.113812706,1.069425955,0.943804264,1.332184196
IL17A,Afasevikumab,Inverse Folding,HCDR123,GFTFSNYA,ISSDSGNI,ARDVGSDGLYYFAFDL,,0,8,0,FALSE,0.586752594,0.563087046,2.318557262,1.689138922,0.891305447,0.93855691,0.743744671,2.388685226,1.792043487,1.024616599,0.918183088,0.624654889,2.973414898,2.174606069,1.055759788,1.083847404,2.618727446,3.254584312,2.702642074,1.494688749,0.881834999,0.586752594,1.083847404,1.137553513,0.563087046,2.618727446,2.733810425,2.318557262,3.254584312,2.089607638,1.689138922,2.702642074,1.116592646,0.891305447,1.494688749
IL17A,Afasevikumab,Inverse Folding,HCDR123,GFTFSDYA,ISSDSSNI,ARDVGSDGLYYFVFDL,,0,12,0,FALSE,0.715890765,0.487127036,2.765131235,2.002604169,0.972275794,0.766444862,0.548284829,2.219671249,1.638744557,0.838412225,0.581326187,0.680156469,2.098228931,1.549651756,0.845870733,0.714281321,0.603870869,3.057444334,2.211944255,1.344160557,0.694485784,0.581326187,0.766444862,0.579859801,0.487127036,0.680156469,2.535118937,2.098228931,3.057444334,1.850736184,1.549651756,2.211944255,1.000179827,0.838412225,1.344160557
IL17A,Afasevikumab,Inverse Folding,HCDR123,GFTFSDYA,ISSDSGNI,ARDVGGSGLYYFVFDL,,0,4,0,FALSE,0.522598505,0.385175109,1.337263107,0.999751756,0.707255125,0.47320056,0.825435579,2.29011178,1.68778602,0.895337641,0.723902702,0.818925977,3.166061163,2.304482667,1.059507966,0.663838983,2.550832987,2.726644278,2.335412659,1.332617164,0.595885187,0.47320056,0.723902702,1.145092413,0.385175109,2.550832987,2.380020082,1.337263107,3.166061163,1.831858276,0.999751756,2.335412659,0.998679474,0.707255125,1.332617164
IL17A,Afasevikumab,Inverse Folding,HCDR123,GFTFSDYA,ISSDSSNI,ARDVGSEGLYYFVFDL,,0,6,0,FALSE,0.666725934,0.48812592,2.73265934,1.975958281,0.969165027,0.534884512,0.837843239,2.470161676,1.816003865,0.975881219,0.683110118,0.970090628,2.540036678,1.891513145,0.929647982,0.661693215,0.595339596,3.375893354,2.428249319,1.398412228,0.636603445,0.534884512,0.683110118,0.722849846,0.48812592,0.970090628,2.779687762,2.470161676,3.375893354,2.027931153,1.816003865,2.428249319,1.068276614,0.929647982,1.398412228